order_id,customer_id,restaurant_id,partner_id,order_date,order_amount,order_status
10001,Cust_283,Res_092,P_18,28-11-2024,284.6,Delivered
10002,Cust_805,Res_014,P_18,09-04-2024,596.62,Delivered
10003,Cust_037,Res_097,P_11,14-03-2025,409.57,Delivered
10004,Cust_210,Res_052,P_141,07-05-2021,935.79,Delivered
10005,Cust_288,Res_009,P_62,12-03-2023,425.14,Delivered
10006,Cust_477,Res_086,P_57,26-05-2025,1075.8,Refunded
10007,Cust_797,Res_083,P_75,11-03-2023,1086.41,Delivered
10008,Cust_535,Res_115,P_24,03-12-2025,356.26,Delivered
10009,Cust_722,Res_087,P_74,28-07-2021,794.54,Cancelled
10010,Cust_603,Res_044,P_129,18-01-2022,242.1,Delivered
10011,Cust_114,Res_106,P_26,14-02-2022,659.23,Refunded
10012,Cust_084,Res_009,P_36,22-06-2025,898.99,Cancelled
10013,Cust_630,Res_016,P_104,02-11-2023,842.39,Cancelled
10014,Cust_092,Res_089,P_95,24-07-2021,805.94,Delivered
10015,Cust_185,Res_094,P_116,11-09-2025,446.67,Delivered
10016,Cust_269,Res_116,P_130,25-02-2025,546.93,Delivered
10017,Cust_739,Res_042,P_37,13-10-2025,258.09,Refunded
10018,Cust_278,Res_026,P_137,21-02-2024,904.97,Delivered
10019,Cust_052,Res_103,P_40,22-02-2022,679.08,Delivered
10020,Cust_301,Res_120,P_40,14-01-2024,894.2,Delivered
10021,Cust_809,Res_118,P_111,12-11-2024,411.39,Delivered
10022,Cust_188,Res_031,P_101,28-11-2021,490.66,Delivered
10023,Cust_754,Res_081,P_76,10-08-2023,500.93,Delivered
10024,Cust_385,Res_047,P_101,28-05-2023,177.03,Delivered
10025,Cust_218,Res_036,P_140,25-03-2024,508.1,Delivered
10026,Cust_363,Res_115,P_122,26-04-2021,993.47,Refunded
10027,Cust_390,Res_017,P_68,08-10-2022,1092.16,Delivered
10028,Cust_568,Res_079,P_82,21-07-2025,694.13,Delivered
10029,Cust_742,Res_017,P_91,04-08-2022,628.28,Delivered
10030,Cust_323,Res_079,P_12,28-09-2022,182.37,Delivered
10031,Cust_183,Res_075,P_17,01-10-2023,1073.16,Delivered
10032,Cust_321,Res_072,P_34,22-10-2025,163.66,Cancelled
10033,Cust_809,Res_106,P_129,14-02-2025,1141.99,Delivered
10034,Cust_234,Res_029,P_28,09-03-2023,663.68,Delivered
10035,Cust_346,Res_008,P_14,07-07-2025,509.03,Delivered
10036,Cust_547,Res_094,P_149,08-09-2021,1120.43,Delivered
10037,Cust_048,Res_119,P_90,13-11-2024,175.61,Delivered
10038,Cust_230,Res_094,P_07,20-06-2024,760.5,Delivered
10039,Cust_443,Res_104,P_44,25-12-2022,726.38,Delivered
10040,Cust_674,Res_094,P_132,02-01-2025,380.29,Delivered
10041,Cust_312,Res_009,P_100,22-05-2022,600.33,Delivered
10042,Cust_009,Res_060,P_149,09-07-2024,834.88,Delivered
10043,Cust_258,Res_091,P_145,08-04-2023,913.49,Delivered
10044,Cust_758,Res_036,P_76,05-05-2022,150.75,Delivered
10045,Cust_537,Res_040,P_58,24-10-2024,1133.7,Cancelled
10046,Cust_454,Res_102,P_54,06-06-2023,322.75,Delivered
10047,Cust_328,Res_078,P_36,27-02-2022,395.26,Delivered
10048,Cust_664,Res_006,P_73,22-06-2023,426.65,Cancelled
10049,Cust_041,Res_001,P_26,08-03-2021,189.71,Delivered
10050,Cust_539,Res_024,P_140,17-08-2021,279.2,Delivered
10051,Cust_550,Res_048,P_141,24-02-2021,1185.67,Delivered
10052,Cust_380,Res_065,P_04,13-01-2024,480.98,Delivered
10053,Cust_136,Res_038,P_148,11-04-2021,271.07,Delivered
10054,Cust_749,Res_105,P_86,17-02-2023,262.34,Delivered
10055,Cust_123,Res_089,P_139,08-06-2021,905.43,Delivered
10056,Cust_199,Res_074,P_111,09-03-2021,1047.3,Delivered
10057,Cust_088,Res_007,P_74,23-05-2024,419.8,Refunded
10058,Cust_288,Res_042,P_06,21-04-2024,171.95,Delivered
10059,Cust_178,Res_055,P_50,01-04-2021,384.24,Delivered
10060,Cust_084,Res_007,P_72,13-01-2022,209.34,Cancelled
10061,Cust_222,Res_119,P_61,22-05-2023,258.56,Delivered
10062,Cust_218,Res_045,P_132,07-04-2023,603.08,Delivered
10063,Cust_170,Res_037,P_122,26-07-2022,391.41,Refunded
10064,Cust_440,Res_005,P_46,11-08-2025,691.74,Delivered
10065,Cust_449,Res_035,P_130,28-01-2025,416.17,Delivered
10066,Cust_552,Res_073,P_82,14-08-2025,1137.56,Delivered
10067,Cust_298,Res_029,P_122,23-01-2023,1101.24,Delivered
10068,Cust_387,Res_024,P_100,28-05-2021,745.15,Delivered
10069,Cust_510,Res_097,P_40,11-10-2025,522.15,Delivered
10070,Cust_594,Res_077,P_55,23-02-2022,550.2,Delivered
10071,Cust_467,Res_022,P_59,27-03-2021,582.44,Delivered
10072,Cust_713,Res_057,P_67,20-07-2022,913.96,Delivered
10073,Cust_006,Res_067,P_07,21-07-2022,624.22,Delivered
10074,Cust_386,Res_067,P_112,18-07-2022,1049.57,Delivered
10075,Cust_506,Res_014,P_49,28-07-2025,1141.3,Delivered
10076,Cust_709,Res_024,P_119,17-04-2024,502.74,Delivered
10077,Cust_162,Res_092,P_132,06-11-2024,738.73,Delivered
10078,Cust_156,Res_046,P_26,07-06-2024,249.81,Delivered
10079,Cust_502,Res_080,P_54,15-06-2022,360.49,Delivered
10080,Cust_304,Res_045,P_147,01-02-2022,584.14,Cancelled
10081,Cust_143,Res_002,P_40,02-07-2025,366.51,Delivered
10082,Cust_162,Res_042,P_85,21-10-2021,1070.39,Refunded
10083,Cust_317,Res_051,P_83,25-05-2021,316.2,Delivered
10084,Cust_205,Res_058,P_38,14-11-2024,628.44,Delivered
10085,Cust_806,Res_078,P_96,13-06-2021,785.98,Cancelled
10086,Cust_234,Res_037,P_58,12-02-2021,876.46,Delivered
10087,Cust_506,Res_021,P_118,25-01-2022,552.22,Delivered
10088,Cust_137,Res_033,P_139,08-02-2024,1062.55,Cancelled
10089,Cust_345,Res_101,P_83,24-03-2022,746.74,Cancelled
10090,Cust_317,Res_019,P_82,21-04-2025,611.48,Refunded
10091,Cust_296,Res_032,P_118,01-10-2021,220.6,Delivered
10092,Cust_414,Res_014,P_88,27-09-2025,637.92,Delivered
10093,Cust_534,Res_113,P_111,03-01-2024,1011.77,Delivered
10094,Cust_425,Res_072,P_117,26-05-2022,795.27,Delivered
10095,Cust_079,Res_031,P_49,19-09-2022,1023.77,Cancelled
10096,Cust_479,Res_004,P_96,02-07-2023,668.71,Delivered
10097,Cust_743,Res_047,P_21,07-06-2021,274.38,Delivered
10098,Cust_417,Res_036,P_57,12-06-2025,164.32,Delivered
10099,Cust_346,Res_024,P_117,11-09-2025,468.38,Delivered
10100,Cust_666,Res_027,P_68,15-08-2025,882.89,Refunded
10101,Cust_744,Res_070,P_111,23-11-2021,659.23,Delivered
10102,Cust_281,Res_025,P_44,13-08-2022,460.54,Delivered
10103,Cust_013,Res_003,P_29,03-03-2021,670.44,Cancelled
10104,Cust_626,Res_052,P_147,05-04-2025,592.17,Delivered
10105,Cust_776,Res_090,P_76,14-01-2021,581.05,Delivered
10106,Cust_456,Res_080,P_115,26-05-2023,392.92,Delivered
10107,Cust_273,Res_053,P_107,07-02-2023,293.19,Delivered
10108,Cust_170,Res_118,P_108,04-02-2024,356.52,Delivered
10109,Cust_625,Res_024,P_100,13-06-2023,208.1,Cancelled
10110,Cust_080,Res_113,P_13,02-04-2023,358.04,Delivered
10111,Cust_211,Res_029,P_49,06-09-2023,159.66,Cancelled
10112,Cust_023,Res_074,P_49,10-06-2021,808.62,Cancelled
10113,Cust_734,Res_008,P_129,10-06-2025,482.19,Delivered
10114,Cust_117,Res_109,P_133,01-08-2021,1171.8,Delivered
10115,Cust_235,Res_096,P_14,20-02-2024,353.4,Delivered
10116,Cust_556,Res_005,P_28,17-01-2023,513.12,Delivered
10117,Cust_168,Res_118,P_113,11-02-2025,525.73,Cancelled
10118,Cust_385,Res_108,P_113,01-12-2025,158.87,Delivered
10119,Cust_704,Res_056,P_134,14-09-2025,1031.17,Delivered
10120,Cust_254,Res_101,P_102,23-09-2021,183.59,Delivered
10121,Cust_355,Res_112,P_75,15-08-2022,1137.19,Delivered
10122,Cust_191,Res_099,P_76,27-12-2022,1086.68,Delivered
10123,Cust_397,Res_034,P_114,08-01-2022,712.3,Delivered
10124,Cust_218,Res_110,P_52,05-12-2021,720.78,Delivered
10125,Cust_059,Res_087,P_91,03-08-2024,836.47,Delivered
10126,Cust_548,Res_015,P_85,14-12-2021,556.4,Delivered
10127,Cust_329,Res_116,P_142,13-12-2024,829.58,Delivered
10128,Cust_448,Res_097,P_114,12-02-2023,197.01,Delivered
10129,Cust_382,Res_033,P_96,16-08-2023,206.75,Delivered
10130,Cust_216,Res_067,P_100,01-08-2023,630.09,Delivered
10131,Cust_055,Res_080,P_49,08-08-2024,727.1,Delivered
10132,Cust_672,Res_009,P_112,20-08-2024,1082.21,Cancelled
10133,Cust_282,Res_118,P_16,22-07-2022,259.89,Delivered
10134,Cust_187,Res_052,P_128,20-06-2022,1013.78,Delivered
10135,Cust_488,Res_056,P_98,25-03-2025,370.55,Cancelled
10136,Cust_626,Res_114,P_148,15-09-2024,563.79,Cancelled
10137,Cust_247,Res_102,P_74,12-06-2021,482.43,Delivered
10138,Cust_470,Res_078,P_147,19-06-2025,570.16,Delivered
10139,Cust_341,Res_018,P_101,17-06-2023,308.02,Delivered
10140,Cust_185,Res_073,P_150,18-05-2025,678.75,Delivered
10141,Cust_414,Res_012,P_110,16-02-2021,659.23,Cancelled
10142,Cust_112,Res_053,P_55,18-07-2023,613.61,Delivered
10143,Cust_426,Res_073,P_81,02-03-2023,665.14,Delivered
10144,Cust_647,Res_054,P_03,14-10-2021,659.23,Delivered
10145,Cust_531,Res_097,P_38,14-12-2023,891.36,Delivered
10146,Cust_806,Res_049,P_80,22-11-2024,664.98,Delivered
10147,Cust_050,Res_016,P_61,17-05-2025,420.58,Cancelled
10148,Cust_628,Res_105,P_128,22-10-2021,1079.17,Delivered
10149,Cust_087,Res_071,P_21,09-05-2022,755.87,Delivered
10150,Cust_613,Res_088,P_43,25-09-2022,382.2,Delivered
10151,Cust_352,Res_048,P_113,25-04-2023,432.58,Delivered
10152,Cust_807,Res_102,P_50,11-07-2021,993.29,Delivered
10153,Cust_398,Res_021,P_22,25-04-2022,196.35,Cancelled
10154,Cust_535,Res_018,P_75,21-02-2024,1191.7,Delivered
10155,Cust_059,Res_045,P_96,18-02-2025,286.87,Cancelled
10156,Cust_247,Res_081,P_116,28-08-2021,985.87,Delivered
10157,Cust_244,Res_079,P_124,09-05-2025,564.51,Delivered
10158,Cust_681,Res_068,P_54,01-01-2024,666.83,Delivered
10159,Cust_471,Res_004,P_20,28-04-2022,1074.68,Delivered
10160,Cust_180,Res_101,P_104,22-02-2021,583.56,Cancelled
10161,Cust_393,Res_006,P_24,07-02-2021,714.37,Delivered
10162,Cust_338,Res_016,P_109,02-08-2023,201.76,Delivered
10163,Cust_766,Res_036,P_30,03-03-2024,152.46,Delivered
10164,Cust_706,Res_035,P_135,02-01-2022,407.04,Cancelled
10165,Cust_199,Res_009,P_99,14-12-2023,864.61,Delivered
10166,Cust_205,Res_116,P_71,14-04-2025,277.33,Delivered
10167,Cust_711,Res_089,P_91,07-12-2025,269.45,Delivered
10168,Cust_776,Res_067,P_103,23-03-2025,581.51,Delivered
10169,Cust_705,Res_037,P_96,12-12-2023,830.23,Delivered
10170,Cust_627,Res_023,P_120,24-09-2025,897.68,Cancelled
10171,Cust_109,Res_084,P_141,28-04-2021,337.37,Delivered
10172,Cust_790,Res_039,P_126,19-04-2023,233.57,Delivered
10173,Cust_323,Res_014,P_04,20-09-2023,1137.42,Delivered
10174,Cust_579,Res_061,P_86,27-07-2023,423.7,Delivered
10175,Cust_029,Res_078,P_06,24-04-2022,1046.01,Delivered
10176,Cust_744,Res_106,P_120,12-12-2025,1056.67,Refunded
10177,Cust_487,Res_035,P_107,24-10-2022,961.15,Cancelled
10178,Cust_180,Res_025,P_112,13-01-2021,327.28,Cancelled
10179,Cust_365,Res_044,P_61,05-01-2021,1012.89,Cancelled
10180,Cust_746,Res_073,P_61,26-01-2022,957.71,Delivered
10181,Cust_619,Res_073,P_21,02-06-2024,776.56,Delivered
10182,Cust_427,Res_065,P_61,06-01-2025,504.06,Delivered
10183,Cust_343,Res_013,P_31,03-05-2023,425.63,Delivered
10184,Cust_794,Res_004,P_126,22-04-2022,277.98,Delivered
10185,Cust_392,Res_089,P_84,24-09-2023,685.24,Delivered
10186,Cust_076,Res_115,P_29,02-03-2021,764.52,Delivered
10187,Cust_297,Res_055,P_76,14-03-2025,527.31,Cancelled
10188,Cust_541,Res_103,P_117,10-09-2022,649.13,Delivered
10189,Cust_309,Res_095,P_130,18-10-2021,531.69,Cancelled
10190,Cust_094,Res_017,P_07,12-11-2025,823.06,Delivered
10191,Cust_467,Res_058,P_63,27-05-2025,1096.32,Delivered
10192,Cust_107,Res_067,P_106,03-11-2024,322.12,Delivered
10193,Cust_617,Res_002,P_63,16-04-2021,550.48,Delivered
10194,Cust_273,Res_080,P_05,24-03-2024,297.91,Delivered
10195,Cust_807,Res_057,P_68,10-12-2024,806.19,Delivered
10196,Cust_378,Res_025,P_134,01-07-2025,915.31,Delivered
10197,Cust_439,Res_116,P_97,20-12-2025,1128.51,Delivered
10198,Cust_304,Res_109,P_04,15-11-2023,442.82,Delivered
10199,Cust_048,Res_086,P_29,22-09-2021,1147.72,Delivered
10200,Cust_031,Res_075,P_146,03-09-2025,216.43,Delivered
10201,Cust_198,Res_070,P_02,20-10-2021,783.16,Delivered
10202,Cust_025,Res_062,P_07,10-08-2022,209.99,Delivered
10203,Cust_640,Res_076,P_19,05-03-2025,659.23,Delivered
10204,Cust_451,Res_045,P_109,04-06-2021,706.3,Delivered
10205,Cust_798,Res_100,P_98,13-10-2024,852.82,Delivered
10206,Cust_516,Res_108,P_20,18-07-2025,1023.15,Delivered
10207,Cust_546,Res_088,P_30,01-04-2025,307.83,Delivered
10208,Cust_521,Res_038,P_106,10-08-2023,190.52,Delivered
10209,Cust_191,Res_075,P_131,13-05-2023,1072.83,Delivered
10210,Cust_787,Res_066,P_118,11-04-2025,480.68,Delivered
10211,Cust_471,Res_053,P_102,02-03-2024,285.43,Delivered
10212,Cust_159,Res_020,P_39,18-09-2021,641.88,Delivered
10213,Cust_112,Res_117,P_119,05-03-2022,778.22,Delivered
10214,Cust_784,Res_061,P_86,12-10-2023,182.52,Delivered
10215,Cust_444,Res_047,P_51,17-03-2024,438.64,Delivered
10216,Cust_514,Res_014,P_148,04-04-2021,184.44,Delivered
10217,Cust_662,Res_017,P_113,24-04-2025,591.35,Delivered
10218,Cust_771,Res_040,P_121,02-05-2023,1089.86,Delivered
10219,Cust_597,Res_103,P_82,09-02-2022,1181.79,Delivered
10220,Cust_800,Res_089,P_33,11-02-2022,818.9,Refunded
10221,Cust_360,Res_043,P_71,16-06-2021,319.72,Refunded
10222,Cust_078,Res_033,P_106,06-09-2023,1101.14,Delivered
10223,Cust_401,Res_018,P_60,17-01-2024,692.06,Delivered
10224,Cust_442,Res_014,P_117,10-12-2024,311.44,Delivered
10225,Cust_020,Res_093,P_144,18-10-2025,1117.81,Delivered
10226,Cust_095,Res_056,P_80,12-03-2023,945.34,Cancelled
10227,Cust_292,Res_092,P_124,11-01-2021,918.29,Refunded
10228,Cust_612,Res_001,P_28,01-02-2021,894.64,Delivered
10229,Cust_127,Res_070,P_84,10-03-2024,360.36,Delivered
10230,Cust_053,Res_055,P_109,25-03-2022,371.56,Delivered
10231,Cust_161,Res_118,P_103,11-09-2024,872.71,Delivered
10232,Cust_047,Res_073,P_18,11-04-2023,380.71,Cancelled
10233,Cust_273,Res_005,P_145,08-05-2022,610.61,Cancelled
10234,Cust_234,Res_033,P_71,16-02-2023,971.1,Delivered
10235,Cust_786,Res_067,P_72,21-05-2021,973.15,Delivered
10236,Cust_514,Res_085,P_135,03-08-2022,625.92,Delivered
10237,Cust_471,Res_112,P_23,06-06-2025,981.8,Delivered
10238,Cust_184,Res_046,P_110,09-12-2023,1030.55,Cancelled
10239,Cust_777,Res_084,P_103,04-10-2023,837.51,Delivered
10240,Cust_162,Res_028,P_101,10-02-2022,389.85,Delivered
10241,Cust_574,Res_007,P_126,15-04-2022,437.71,Delivered
10242,Cust_486,Res_082,P_36,23-05-2021,480.58,Cancelled
10243,Cust_737,Res_099,P_09,16-04-2023,272.64,Delivered
10244,Cust_558,Res_049,P_17,01-06-2021,436.82,Cancelled
10245,Cust_585,Res_079,P_04,25-04-2024,370,Cancelled
10246,Cust_115,Res_032,P_79,01-05-2025,628.1,Cancelled
10247,Cust_577,Res_083,P_123,07-12-2023,1103.86,Delivered
10248,Cust_361,Res_074,P_50,12-03-2021,259.7,Delivered
10249,Cust_565,Res_101,P_69,22-01-2021,906.28,Delivered
10250,Cust_680,Res_103,P_85,10-03-2025,871.65,Delivered
10251,Cust_333,Res_111,P_48,09-03-2023,250.54,Delivered
10252,Cust_169,Res_081,P_57,15-11-2022,1118.7,Delivered
10253,Cust_195,Res_050,P_144,16-02-2024,746.9,Delivered
10254,Cust_520,Res_042,P_77,19-03-2023,531.91,Cancelled
10255,Cust_104,Res_097,P_149,18-10-2021,944.37,Delivered
10256,Cust_244,Res_078,P_04,26-07-2025,420.23,Delivered
10257,Cust_358,Res_064,P_40,05-07-2025,878.19,Delivered
10258,Cust_259,Res_017,P_37,25-05-2025,191.7,Delivered
10259,Cust_279,Res_033,P_77,06-04-2024,1031.38,Cancelled
10260,Cust_140,Res_023,P_05,16-08-2022,620.58,Delivered
10261,Cust_020,Res_058,P_22,28-07-2024,818.53,Cancelled
10262,Cust_408,Res_119,P_03,02-12-2022,382.3,Delivered
10263,Cust_584,Res_035,P_86,28-03-2022,860.93,Delivered
10264,Cust_130,Res_080,P_19,19-07-2024,960.85,Delivered
10265,Cust_516,Res_079,P_70,16-03-2023,646.87,Delivered
10266,Cust_158,Res_021,P_113,10-01-2021,798.61,Delivered
10267,Cust_709,Res_030,P_20,04-11-2021,629.14,Delivered
10268,Cust_704,Res_042,P_94,05-05-2024,1088.8,Delivered
10269,Cust_037,Res_038,P_107,14-10-2022,672.76,Delivered
10270,Cust_579,Res_105,P_58,13-08-2024,1033.9,Delivered
10271,Cust_602,Res_099,P_50,02-03-2022,991.42,Cancelled
10272,Cust_133,Res_043,P_47,13-02-2021,581.03,Delivered
10273,Cust_630,Res_085,P_69,12-01-2021,391.59,Delivered
10274,Cust_273,Res_086,P_29,25-12-2021,576.39,Delivered
10275,Cust_672,Res_012,P_108,12-01-2021,1017.53,Cancelled
10276,Cust_733,Res_043,P_46,03-09-2022,389.01,Cancelled
10277,Cust_648,Res_080,P_92,26-07-2025,700.66,Delivered
10278,Cust_774,Res_085,P_105,03-12-2024,996.4,Delivered
10279,Cust_138,Res_078,P_58,03-01-2021,521.15,Delivered
10280,Cust_078,Res_105,P_65,03-02-2023,824.32,Refunded
10281,Cust_712,Res_031,P_56,17-03-2024,407.91,Cancelled
10282,Cust_612,Res_040,P_116,23-06-2022,264.74,Cancelled
10283,Cust_372,Res_017,P_78,28-12-2022,984.1,Delivered
10284,Cust_464,Res_083,P_57,17-05-2023,253.92,Delivered
10285,Cust_662,Res_037,P_120,26-12-2021,434.95,Cancelled
10286,Cust_329,Res_055,P_86,15-11-2025,1047.86,Delivered
10287,Cust_231,Res_113,P_103,14-07-2022,513.79,Delivered
10288,Cust_231,Res_082,P_94,17-11-2025,1171.7,Delivered
10289,Cust_077,Res_041,P_70,15-10-2021,1178.72,Cancelled
10290,Cust_167,Res_013,P_138,04-10-2024,431.69,Delivered
10291,Cust_621,Res_084,P_109,09-06-2023,193.03,Delivered
10292,Cust_064,Res_044,P_89,25-02-2024,890.32,Delivered
10293,Cust_250,Res_119,P_08,08-07-2023,623.54,Delivered
10294,Cust_081,Res_099,P_15,13-10-2023,255.79,Delivered
10295,Cust_635,Res_093,P_29,12-04-2021,892.9,Delivered
10296,Cust_500,Res_014,P_100,25-04-2024,182.73,Delivered
10297,Cust_645,Res_078,P_103,04-03-2025,1063.71,Delivered
10298,Cust_022,Res_030,P_150,26-12-2023,295.59,Refunded
10299,Cust_267,Res_119,P_23,19-07-2023,283.68,Cancelled
10300,Cust_099,Res_088,P_105,15-08-2021,334.46,Delivered
10301,Cust_621,Res_105,P_16,24-10-2025,1158.28,Cancelled
10302,Cust_539,Res_022,P_10,03-02-2022,877.83,Delivered
10303,Cust_280,Res_055,P_98,04-02-2024,991.44,Delivered
10304,Cust_089,Res_028,P_43,19-12-2022,567.52,Delivered
10305,Cust_386,Res_025,P_130,19-08-2022,659.23,Delivered
10306,Cust_044,Res_096,P_36,22-06-2025,396.21,Delivered
10307,Cust_776,Res_052,P_06,19-05-2022,654.68,Delivered
10308,Cust_784,Res_067,P_01,04-02-2024,729.42,Delivered
10309,Cust_780,Res_013,P_14,14-02-2024,813.36,Delivered
10310,Cust_041,Res_027,P_02,01-04-2023,419.97,Delivered
10311,Cust_724,Res_073,P_112,19-10-2025,1146.09,Delivered
10312,Cust_398,Res_085,P_61,06-07-2021,328.25,Delivered
10313,Cust_644,Res_054,P_09,23-02-2025,1163.94,Delivered
10314,Cust_628,Res_095,P_16,09-06-2024,165.6,Delivered
10315,Cust_689,Res_004,P_07,26-01-2021,655.18,Delivered
10316,Cust_026,Res_015,P_69,14-08-2023,500.04,Delivered
10317,Cust_698,Res_090,P_64,21-10-2023,621.58,Delivered
10318,Cust_019,Res_007,P_127,14-03-2025,749.2,Cancelled
10319,Cust_320,Res_030,P_132,27-07-2025,607.37,Cancelled
10320,Cust_332,Res_108,P_136,01-10-2024,585.59,Cancelled
10321,Cust_698,Res_007,P_71,25-07-2022,919.36,Delivered
10322,Cust_474,Res_026,P_84,04-11-2024,870.17,Delivered
10323,Cust_353,Res_021,P_29,27-05-2025,1024.93,Refunded
10324,Cust_088,Res_105,P_35,26-04-2025,412.46,Delivered
10325,Cust_773,Res_019,P_66,09-07-2023,790,Delivered
10326,Cust_394,Res_005,P_107,15-08-2025,764.45,Delivered
10327,Cust_423,Res_042,P_47,13-05-2025,659.23,Delivered
10328,Cust_242,Res_008,P_129,04-04-2023,660.36,Refunded
10329,Cust_485,Res_024,P_05,20-07-2021,479.47,Delivered
10330,Cust_272,Res_057,P_22,01-08-2023,298.94,Delivered
10331,Cust_063,Res_056,P_09,05-04-2023,374.49,Delivered
10332,Cust_184,Res_093,P_128,16-07-2025,260.79,Delivered
10333,Cust_170,Res_119,P_66,13-09-2021,867.22,Delivered
10334,Cust_733,Res_045,P_109,05-05-2024,843.76,Delivered
10335,Cust_358,Res_072,P_145,07-09-2024,1148.14,Delivered
10336,Cust_774,Res_071,P_47,02-02-2022,916.16,Delivered
10337,Cust_052,Res_085,P_29,10-07-2022,204.65,Delivered
10338,Cust_336,Res_107,P_127,15-02-2024,1078.46,Delivered
10339,Cust_740,Res_032,P_128,22-04-2021,1055.81,Delivered
10340,Cust_174,Res_079,P_56,21-11-2022,615.49,Delivered
10341,Cust_532,Res_090,P_30,03-08-2024,765.16,Delivered
10342,Cust_071,Res_027,P_04,18-04-2022,1174.88,Cancelled
10343,Cust_784,Res_115,P_103,12-07-2021,708.92,Cancelled
10344,Cust_417,Res_029,P_130,25-03-2021,1100.59,Delivered
10345,Cust_284,Res_088,P_93,03-07-2022,237.19,Delivered
10346,Cust_220,Res_073,P_41,25-01-2022,350.6,Delivered
10347,Cust_501,Res_051,P_82,19-05-2024,612.79,Delivered
10348,Cust_614,Res_043,P_79,08-12-2025,763.99,Delivered
10349,Cust_092,Res_035,P_32,27-06-2021,1007.04,Refunded
10350,Cust_196,Res_085,P_81,01-09-2023,1187.68,Delivered
10351,Cust_586,Res_036,P_140,20-03-2021,558.29,Refunded
10352,Cust_312,Res_068,P_101,16-12-2023,199.79,Delivered
10353,Cust_672,Res_082,P_08,07-12-2025,991.23,Delivered
10354,Cust_255,Res_097,P_20,09-10-2024,784.6,Delivered
10355,Cust_685,Res_041,P_113,21-11-2021,358.47,Delivered
10356,Cust_681,Res_111,P_80,10-01-2025,669.57,Delivered
10357,Cust_523,Res_082,P_115,19-07-2023,929.43,Delivered
10358,Cust_485,Res_008,P_77,21-11-2025,958.93,Delivered
10359,Cust_590,Res_080,P_79,28-04-2022,674.6,Delivered
10360,Cust_358,Res_099,P_34,28-10-2025,470.48,Delivered
10361,Cust_744,Res_003,P_98,03-07-2023,1172.43,Delivered
10362,Cust_244,Res_095,P_07,19-10-2021,846.53,Delivered
10363,Cust_435,Res_010,P_52,05-01-2022,578.65,Delivered
10364,Cust_143,Res_021,P_127,28-11-2022,444.49,Delivered
10365,Cust_415,Res_004,P_54,17-02-2023,917.66,Delivered
10366,Cust_294,Res_113,P_39,22-12-2023,404.29,Delivered
10367,Cust_288,Res_077,P_37,09-12-2025,330.3,Delivered
10368,Cust_523,Res_042,P_116,12-03-2024,706.33,Delivered
10369,Cust_452,Res_103,P_134,13-11-2023,454.49,Delivered
10370,Cust_584,Res_098,P_01,10-01-2025,810.35,Delivered
10371,Cust_012,Res_080,P_48,22-09-2021,273.84,Cancelled
10372,Cust_800,Res_018,P_124,23-08-2022,837.69,Delivered
10373,Cust_515,Res_033,P_28,03-01-2024,447.46,Delivered
10374,Cust_073,Res_016,P_126,15-08-2022,659.23,Cancelled
10375,Cust_269,Res_041,P_141,14-10-2023,283.28,Delivered
10376,Cust_327,Res_059,P_48,03-08-2021,1130.3,Cancelled
10377,Cust_150,Res_032,P_104,17-06-2022,1060.72,Delivered
10378,Cust_535,Res_095,P_83,05-11-2021,395.29,Delivered
10379,Cust_359,Res_039,P_45,21-08-2025,967.29,Refunded
10380,Cust_203,Res_042,P_24,05-03-2021,789,Delivered
10381,Cust_508,Res_112,P_29,18-09-2025,1169.45,Delivered
10382,Cust_204,Res_120,P_25,03-06-2023,542.29,Delivered
10383,Cust_714,Res_040,P_60,10-12-2023,865.53,Delivered
10384,Cust_372,Res_034,P_29,26-03-2022,216.71,Delivered
10385,Cust_465,Res_105,P_47,13-06-2025,566.06,Delivered
10386,Cust_559,Res_074,P_62,18-05-2024,1162.01,Delivered
10387,Cust_305,Res_085,P_121,16-06-2025,715.93,Delivered
10388,Cust_140,Res_052,P_56,16-04-2024,452.27,Delivered
10389,Cust_311,Res_042,P_88,23-01-2025,276.28,Delivered
10390,Cust_084,Res_119,P_46,23-03-2023,888.7,Delivered
10391,Cust_553,Res_030,P_20,17-02-2025,827.1,Cancelled
10392,Cust_602,Res_088,P_107,01-09-2025,542.64,Delivered
10393,Cust_666,Res_080,P_77,17-08-2025,1148.49,Delivered
10394,Cust_631,Res_049,P_110,03-08-2022,173.31,Delivered
10395,Cust_032,Res_017,P_65,17-08-2022,468.91,Delivered
10396,Cust_571,Res_114,P_75,27-06-2022,1117.12,Delivered
10397,Cust_181,Res_005,P_94,07-09-2021,486.98,Cancelled
10398,Cust_142,Res_054,P_89,22-09-2024,414.87,Delivered
10399,Cust_024,Res_054,P_46,25-07-2023,710.93,Cancelled
10400,Cust_557,Res_050,P_115,06-01-2023,1014.99,Delivered
10401,Cust_195,Res_086,P_118,12-02-2025,258.3,Delivered
10402,Cust_465,Res_035,P_08,05-11-2024,1140.17,Delivered
10403,Cust_110,Res_026,P_30,11-07-2021,984.83,Delivered
10404,Cust_369,Res_120,P_67,09-06-2023,340.31,Delivered
10405,Cust_196,Res_102,P_140,23-03-2023,897.61,Delivered
10406,Cust_132,Res_034,P_31,27-03-2021,554.21,Delivered
10407,Cust_201,Res_073,P_76,03-05-2022,572.41,Cancelled
10408,Cust_182,Res_102,P_05,25-07-2025,972.45,Cancelled
10409,Cust_482,Res_089,P_22,28-12-2022,1160.92,Delivered
10410,Cust_707,Res_050,P_13,27-05-2025,282.99,Delivered
10411,Cust_305,Res_032,P_103,19-08-2025,591.66,Delivered
10412,Cust_213,Res_067,P_46,21-05-2024,654.99,Delivered
10413,Cust_046,Res_048,P_104,25-07-2025,545.13,Cancelled
10414,Cust_686,Res_023,P_09,03-08-2022,531.35,Delivered
10415,Cust_051,Res_052,P_138,08-01-2024,204.88,Delivered
10416,Cust_256,Res_001,P_52,27-12-2024,869.82,Delivered
10417,Cust_327,Res_021,P_45,19-06-2023,608.03,Delivered
10418,Cust_795,Res_119,P_116,16-01-2023,354.53,Delivered
10419,Cust_025,Res_018,P_55,10-01-2021,1006.84,Delivered
10420,Cust_444,Res_112,P_89,28-12-2023,992.69,Delivered
10421,Cust_595,Res_072,P_44,03-07-2021,660.71,Delivered
10422,Cust_064,Res_079,P_70,24-03-2024,463.37,Delivered
10423,Cust_778,Res_054,P_27,27-08-2025,820,Delivered
10424,Cust_324,Res_021,P_115,25-07-2025,452.56,Delivered
10425,Cust_414,Res_041,P_142,03-08-2024,397.81,Delivered
10426,Cust_368,Res_063,P_114,03-10-2022,917.04,Delivered
10427,Cust_187,Res_081,P_83,05-03-2025,192.34,Delivered
10428,Cust_206,Res_030,P_67,03-08-2021,249.51,Delivered
10429,Cust_810,Res_102,P_78,14-02-2025,157.13,Delivered
10430,Cust_090,Res_085,P_97,11-09-2023,659.23,Delivered
10431,Cust_448,Res_094,P_99,06-02-2021,222.44,Delivered
10432,Cust_728,Res_006,P_148,23-08-2022,1195.59,Delivered
10433,Cust_540,Res_045,P_120,10-12-2025,453.25,Delivered
10434,Cust_693,Res_032,P_34,08-01-2024,306.73,Delivered
10435,Cust_701,Res_011,P_05,07-03-2025,403.05,Cancelled
10436,Cust_729,Res_111,P_149,20-12-2025,1132.93,Cancelled
10437,Cust_582,Res_069,P_15,22-04-2022,696.17,Delivered
10438,Cust_783,Res_042,P_107,01-04-2023,533.06,Delivered
10439,Cust_591,Res_078,P_01,23-02-2025,1067.06,Delivered
10440,Cust_626,Res_008,P_113,15-08-2023,564.74,Delivered
10441,Cust_116,Res_074,P_28,11-12-2021,501.76,Delivered
10442,Cust_452,Res_103,P_25,21-07-2024,367.65,Cancelled
10443,Cust_037,Res_100,P_42,03-03-2023,546.69,Delivered
10444,Cust_287,Res_019,P_02,04-04-2025,482.52,Cancelled
10445,Cust_425,Res_024,P_30,10-09-2021,861.17,Delivered
10446,Cust_556,Res_106,P_81,05-06-2024,454.06,Delivered
10447,Cust_795,Res_073,P_142,13-07-2022,756.06,Delivered
10448,Cust_513,Res_008,P_25,15-12-2023,219.19,Delivered
10449,Cust_374,Res_118,P_144,22-09-2023,350.85,Delivered
10450,Cust_069,Res_012,P_11,08-10-2021,577.78,Delivered
10451,Cust_379,Res_058,P_138,18-05-2022,1133.8,Delivered
10452,Cust_135,Res_120,P_136,14-11-2023,546.11,Delivered
10453,Cust_548,Res_025,P_14,20-10-2023,847.28,Delivered
10454,Cust_452,Res_063,P_02,20-11-2025,417.84,Delivered
10455,Cust_215,Res_063,P_25,18-04-2025,283.39,Delivered
10456,Cust_213,Res_035,P_82,25-02-2025,211.46,Delivered
10457,Cust_810,Res_063,P_88,15-06-2025,470.68,Delivered
10458,Cust_745,Res_027,P_140,26-05-2021,315.54,Delivered
10459,Cust_720,Res_012,P_63,25-01-2021,332.71,Refunded
10460,Cust_609,Res_028,P_15,26-11-2021,948.8,Delivered
10461,Cust_299,Res_118,P_103,11-11-2023,166.63,Delivered
10462,Cust_105,Res_043,P_42,10-11-2022,659.23,Delivered
10463,Cust_477,Res_022,P_133,15-09-2021,548.43,Cancelled
10464,Cust_748,Res_047,P_42,02-02-2023,681.88,Delivered
10465,Cust_703,Res_005,P_68,20-06-2021,740.97,Delivered
10466,Cust_796,Res_077,P_113,02-02-2023,479.04,Delivered
10467,Cust_317,Res_002,P_131,21-01-2021,459.86,Delivered
10468,Cust_394,Res_036,P_104,07-09-2022,920.07,Delivered
10469,Cust_339,Res_098,P_143,09-05-2023,1064.84,Delivered
10470,Cust_156,Res_038,P_85,26-03-2025,352.21,Delivered
10471,Cust_600,Res_052,P_104,24-02-2021,252.5,Refunded
10472,Cust_010,Res_083,P_68,13-01-2022,1092.69,Delivered
10473,Cust_400,Res_028,P_67,07-09-2025,517.39,Delivered
10474,Cust_528,Res_017,P_51,10-04-2025,728.88,Delivered
10475,Cust_152,Res_109,P_68,25-06-2023,527.52,Delivered
10476,Cust_393,Res_022,P_31,08-08-2021,282.09,Delivered
10477,Cust_352,Res_098,P_86,16-10-2025,768.8,Delivered
10478,Cust_456,Res_063,P_149,06-03-2023,701.4,Delivered
10479,Cust_081,Res_102,P_106,06-03-2025,363.14,Delivered
10480,Cust_113,Res_084,P_150,02-04-2021,624.46,Delivered
10481,Cust_578,Res_053,P_89,19-06-2024,986.79,Cancelled
10482,Cust_204,Res_037,P_102,06-11-2023,769.95,Delivered
10483,Cust_488,Res_013,P_136,14-04-2023,251.76,Delivered
10484,Cust_312,Res_022,P_75,09-09-2024,725.42,Delivered
10485,Cust_716,Res_115,P_01,05-12-2023,887.88,Delivered
10486,Cust_279,Res_074,P_38,01-11-2025,982.34,Delivered
10487,Cust_684,Res_042,P_17,02-10-2025,810.57,Cancelled
10488,Cust_223,Res_082,P_28,17-12-2024,310.29,Delivered
10489,Cust_073,Res_074,P_50,19-07-2024,895.68,Delivered
10490,Cust_256,Res_112,P_130,24-10-2022,861.21,Delivered
10491,Cust_379,Res_047,P_24,20-09-2022,175.65,Delivered
10492,Cust_418,Res_063,P_72,14-07-2023,582.34,Delivered
10493,Cust_793,Res_023,P_118,23-02-2021,499.6,Delivered
10494,Cust_045,Res_003,P_146,26-05-2024,852.88,Refunded
10495,Cust_155,Res_047,P_138,02-03-2023,376.94,Delivered
10496,Cust_603,Res_101,P_43,27-06-2024,770.42,Delivered
10497,Cust_569,Res_116,P_26,03-08-2025,1108.87,Refunded
10498,Cust_098,Res_031,P_126,23-06-2025,987.69,Delivered
10499,Cust_072,Res_081,P_13,05-06-2022,1117.53,Delivered
10500,Cust_222,Res_062,P_49,28-09-2023,659.23,Delivered
10501,Cust_669,Res_114,P_29,14-11-2024,161.2,Delivered
10502,Cust_518,Res_005,P_44,21-06-2022,659.23,Delivered
10503,Cust_354,Res_006,P_104,15-11-2023,583.48,Cancelled
10504,Cust_613,Res_104,P_22,28-08-2022,1052.85,Delivered
10505,Cust_715,Res_086,P_54,01-05-2021,414.41,Delivered
10506,Cust_575,Res_011,P_36,19-09-2021,1180.08,Delivered
10507,Cust_026,Res_050,P_48,17-08-2021,794.39,Cancelled
10508,Cust_083,Res_058,P_48,08-05-2023,983.21,Delivered
10509,Cust_530,Res_079,P_104,12-05-2023,239.88,Delivered
10510,Cust_726,Res_038,P_139,17-09-2025,342.63,Delivered
10511,Cust_754,Res_071,P_78,22-10-2023,946.32,Delivered
10512,Cust_740,Res_084,P_50,19-05-2024,659.23,Cancelled
10513,Cust_135,Res_088,P_85,05-02-2025,1007.72,Cancelled
10514,Cust_126,Res_100,P_40,06-11-2021,164.65,Delivered
10515,Cust_564,Res_067,P_93,21-05-2024,839.97,Delivered
10516,Cust_368,Res_104,P_50,17-06-2023,533.35,Delivered
10517,Cust_297,Res_069,P_82,23-06-2024,792.07,Delivered
10518,Cust_403,Res_004,P_36,09-01-2025,880.83,Delivered
10519,Cust_265,Res_007,P_74,06-07-2025,509.6,Delivered
10520,Cust_145,Res_044,P_140,27-01-2025,263.36,Delivered
10521,Cust_693,Res_054,P_139,13-05-2021,223.13,Refunded
10522,Cust_502,Res_103,P_14,27-05-2022,768.38,Delivered
10523,Cust_650,Res_019,P_113,16-07-2024,696.69,Cancelled
10524,Cust_649,Res_067,P_43,17-03-2021,929.31,Delivered
10525,Cust_587,Res_109,P_74,14-12-2023,685.22,Delivered
10526,Cust_505,Res_041,P_37,19-08-2021,593.57,Cancelled
10527,Cust_295,Res_014,P_110,16-09-2022,567.99,Delivered
10528,Cust_799,Res_045,P_82,15-10-2021,177.77,Delivered
10529,Cust_161,Res_091,P_16,13-01-2023,502.34,Delivered
10530,Cust_295,Res_036,P_16,15-02-2023,1174.82,Delivered
10531,Cust_596,Res_007,P_90,04-09-2023,1067.23,Cancelled
10532,Cust_494,Res_017,P_21,08-08-2021,495.85,Cancelled
10533,Cust_327,Res_007,P_67,28-11-2021,767.19,Delivered
10534,Cust_079,Res_049,P_31,11-05-2022,1039.66,Delivered
10535,Cust_296,Res_076,P_34,11-03-2021,613.34,Delivered
10536,Cust_746,Res_068,P_72,02-05-2025,168.86,Delivered
10537,Cust_292,Res_073,P_07,19-02-2022,228.24,Delivered
10538,Cust_106,Res_062,P_30,15-05-2021,685.91,Delivered
10539,Cust_749,Res_062,P_44,13-03-2025,1167.91,Delivered
10540,Cust_265,Res_063,P_109,25-04-2022,877.87,Delivered
10541,Cust_807,Res_049,P_135,07-08-2025,224.46,Delivered
10542,Cust_336,Res_082,P_30,16-05-2025,348.83,Delivered
10543,Cust_752,Res_054,P_61,24-10-2021,959.89,Delivered
10544,Cust_485,Res_060,P_34,14-04-2021,1033.51,Refunded
10545,Cust_204,Res_057,P_52,22-11-2022,798.58,Cancelled
10546,Cust_556,Res_025,P_79,19-12-2025,826.64,Delivered
10547,Cust_130,Res_069,P_117,11-03-2021,179.75,Delivered
10548,Cust_424,Res_057,P_04,24-04-2021,1019.96,Cancelled
10549,Cust_733,Res_003,P_95,05-07-2023,977.69,Cancelled
10550,Cust_386,Res_017,P_121,13-11-2024,421.99,Cancelled
10551,Cust_522,Res_089,P_56,22-01-2023,894.11,Delivered
10552,Cust_624,Res_045,P_55,23-02-2024,375.6,Refunded
10553,Cust_331,Res_049,P_74,10-09-2022,192.35,Delivered
10554,Cust_406,Res_075,P_92,18-02-2021,361.19,Delivered
10555,Cust_665,Res_058,P_46,11-10-2025,337.56,Cancelled
10556,Cust_579,Res_022,P_97,25-02-2025,504.64,Delivered
10557,Cust_007,Res_014,P_124,11-12-2025,589.37,Cancelled
10558,Cust_581,Res_088,P_114,28-10-2024,659.23,Delivered
10559,Cust_156,Res_012,P_12,05-05-2025,650.59,Refunded
10560,Cust_327,Res_073,P_124,15-05-2025,434.21,Delivered
10561,Cust_384,Res_034,P_87,05-11-2025,180.63,Refunded
10562,Cust_294,Res_011,P_143,04-03-2021,785.36,Delivered
10563,Cust_713,Res_101,P_44,06-11-2023,565.53,Delivered
10564,Cust_625,Res_119,P_66,18-02-2023,463.61,Delivered
10565,Cust_534,Res_012,P_112,11-03-2022,1060.29,Delivered
10566,Cust_534,Res_021,P_132,10-03-2023,934.08,Delivered
10567,Cust_048,Res_116,P_132,25-05-2024,1050.65,Delivered
10568,Cust_716,Res_088,P_10,18-09-2023,669.73,Delivered
10569,Cust_761,Res_015,P_65,26-02-2023,287.48,Delivered
10570,Cust_372,Res_063,P_128,11-08-2024,881.03,Delivered
10571,Cust_393,Res_019,P_29,17-08-2022,366.38,Refunded
10572,Cust_300,Res_074,P_03,22-12-2025,613.29,Delivered
10573,Cust_646,Res_064,P_82,05-10-2024,218.25,Delivered
10574,Cust_591,Res_022,P_41,06-11-2022,1016.57,Delivered
10575,Cust_005,Res_008,P_07,10-05-2021,282.24,Delivered
10576,Cust_308,Res_003,P_145,17-06-2025,1098.25,Delivered
10577,Cust_786,Res_055,P_72,20-02-2024,1057.44,Delivered
10578,Cust_360,Res_061,P_29,20-02-2023,637.81,Cancelled
10579,Cust_011,Res_116,P_17,14-12-2024,931.59,Delivered
10580,Cust_351,Res_007,P_114,27-11-2022,800.42,Delivered
10581,Cust_662,Res_081,P_115,02-12-2025,993.23,Delivered
10582,Cust_048,Res_120,P_63,13-12-2025,603.4,Delivered
10583,Cust_274,Res_005,P_135,23-04-2024,975.1,Delivered
10584,Cust_085,Res_056,P_110,14-06-2024,635.58,Delivered
10585,Cust_410,Res_093,P_20,14-04-2023,1138.01,Delivered
10586,Cust_178,Res_099,P_111,05-11-2022,660.69,Delivered
10587,Cust_565,Res_031,P_89,13-09-2025,635.75,Delivered
10588,Cust_208,Res_117,P_104,12-10-2024,974.33,Cancelled
10589,Cust_368,Res_012,P_141,03-07-2025,1012.66,Delivered
10590,Cust_454,Res_036,P_101,15-05-2021,732.21,Delivered
10591,Cust_069,Res_065,P_30,22-12-2021,338.79,Delivered
10592,Cust_743,Res_109,P_131,16-12-2021,641.15,Delivered
10593,Cust_372,Res_083,P_30,01-04-2023,1166.48,Cancelled
10594,Cust_135,Res_054,P_101,04-05-2022,659.23,Delivered
10595,Cust_676,Res_031,P_12,10-12-2021,1001.72,Delivered
10596,Cust_701,Res_101,P_127,28-01-2025,184.47,Cancelled
10597,Cust_097,Res_068,P_116,21-05-2021,641.25,Delivered
10598,Cust_001,Res_045,P_21,03-03-2024,828.95,Delivered
10599,Cust_311,Res_056,P_90,21-10-2024,659.23,Delivered
10600,Cust_197,Res_080,P_79,04-02-2023,201.74,Delivered
10601,Cust_084,Res_003,P_40,22-11-2024,1045.06,Delivered
10602,Cust_115,Res_083,P_128,14-08-2025,725.82,Cancelled
10603,Cust_726,Res_023,P_105,20-03-2022,357.18,Delivered
10604,Cust_672,Res_035,P_17,07-12-2022,483.12,Delivered
10605,Cust_557,Res_076,P_113,13-11-2025,446.03,Delivered
10606,Cust_689,Res_024,P_101,07-08-2024,707.4,Delivered
10607,Cust_809,Res_078,P_125,27-10-2021,204.27,Delivered
10608,Cust_195,Res_007,P_92,02-09-2023,316.46,Delivered
10609,Cust_690,Res_002,P_133,06-04-2023,1003.33,Cancelled
10610,Cust_511,Res_101,P_67,28-03-2024,289.23,Cancelled
10611,Cust_129,Res_101,P_43,27-01-2023,395.07,Refunded
10612,Cust_779,Res_005,P_119,07-11-2021,626.04,Cancelled
10613,Cust_171,Res_102,P_73,06-05-2025,692.98,Delivered
10614,Cust_758,Res_089,P_87,08-05-2022,951.79,Delivered
10615,Cust_199,Res_009,P_46,12-06-2024,619.7,Cancelled
10616,Cust_380,Res_024,P_148,20-06-2022,979.36,Delivered
10617,Cust_598,Res_116,P_128,10-11-2025,799.26,Delivered
10618,Cust_278,Res_016,P_95,25-04-2024,268.75,Delivered
10619,Cust_122,Res_093,P_150,12-07-2023,314.15,Delivered
10620,Cust_088,Res_048,P_149,19-11-2023,608.89,Cancelled
10621,Cust_656,Res_045,P_61,19-04-2025,566.73,Delivered
10622,Cust_014,Res_108,P_84,11-01-2025,930.72,Delivered
10623,Cust_328,Res_068,P_04,03-06-2022,759.77,Refunded
10624,Cust_027,Res_078,P_103,27-12-2021,557.54,Delivered
10625,Cust_580,Res_028,P_141,24-07-2021,329.3,Delivered
10626,Cust_525,Res_096,P_07,10-02-2025,388.18,Delivered
10627,Cust_743,Res_017,P_92,03-07-2022,754.28,Cancelled
10628,Cust_498,Res_080,P_118,24-09-2023,594.61,Delivered
10629,Cust_127,Res_102,P_148,11-06-2024,690.67,Delivered
10630,Cust_411,Res_116,P_85,13-06-2021,329.21,Delivered
10631,Cust_516,Res_037,P_136,12-08-2025,846.05,Delivered
10632,Cust_312,Res_048,P_126,13-04-2021,1045.17,Cancelled
10633,Cust_770,Res_040,P_32,26-06-2023,420.84,Cancelled
10634,Cust_410,Res_092,P_22,08-12-2021,666.09,Delivered
10635,Cust_123,Res_039,P_54,16-12-2024,1174.3,Delivered
10636,Cust_262,Res_044,P_139,08-02-2022,499.9,Refunded
10637,Cust_307,Res_011,P_99,01-03-2022,774.8,Cancelled
10638,Cust_763,Res_017,P_01,05-01-2024,244.71,Cancelled
10639,Cust_019,Res_060,P_118,11-12-2024,659.23,Cancelled
10640,Cust_150,Res_044,P_59,18-02-2021,244.11,Delivered
10641,Cust_561,Res_090,P_80,06-09-2025,1157.2,Delivered
10642,Cust_033,Res_058,P_72,09-12-2022,901.45,Delivered
10643,Cust_607,Res_085,P_18,21-03-2023,977.57,Delivered
10644,Cust_254,Res_084,P_33,26-07-2021,889.31,Delivered
10645,Cust_665,Res_051,P_51,11-05-2022,769.22,Delivered
10646,Cust_178,Res_036,P_119,05-07-2023,622.41,Delivered
10647,Cust_044,Res_030,P_143,20-12-2023,1051.29,Delivered
10648,Cust_151,Res_110,P_108,17-06-2025,1154.68,Delivered
10649,Cust_168,Res_029,P_12,19-12-2025,673.99,Delivered
10650,Cust_665,Res_011,P_55,26-06-2021,1128.11,Delivered
10651,Cust_077,Res_024,P_29,16-11-2023,762.5,Delivered
10652,Cust_458,Res_072,P_78,24-01-2024,715.3,Delivered
10653,Cust_284,Res_045,P_123,14-04-2025,627.21,Refunded
10654,Cust_786,Res_102,P_62,21-01-2021,369.75,Delivered
10655,Cust_134,Res_100,P_74,08-11-2021,153.91,Delivered
10656,Cust_121,Res_022,P_45,20-08-2023,403.58,Delivered
10657,Cust_260,Res_017,P_13,22-02-2023,685.21,Delivered
10658,Cust_559,Res_068,P_19,23-02-2024,548.96,Delivered
10659,Cust_638,Res_096,P_48,03-05-2024,620.91,Delivered
10660,Cust_378,Res_004,P_69,22-10-2022,1179.68,Delivered
10661,Cust_441,Res_112,P_07,05-09-2022,517.79,Delivered
10662,Cust_655,Res_098,P_35,19-08-2021,624.79,Delivered
10663,Cust_644,Res_044,P_34,04-02-2025,290.19,Cancelled
10664,Cust_188,Res_048,P_40,27-12-2021,200.36,Cancelled
10665,Cust_214,Res_092,P_65,04-01-2024,964.18,Delivered
10666,Cust_473,Res_116,P_15,13-06-2021,749.22,Delivered
10667,Cust_475,Res_104,P_113,13-12-2024,948.74,Delivered
10668,Cust_670,Res_061,P_105,11-11-2024,307.36,Delivered
10669,Cust_594,Res_009,P_63,18-11-2021,750.42,Delivered
10670,Cust_071,Res_039,P_110,08-03-2025,416.32,Delivered
10671,Cust_052,Res_040,P_54,07-05-2023,389.46,Delivered
10672,Cust_765,Res_084,P_58,07-11-2022,162.1,Delivered
10673,Cust_760,Res_001,P_73,18-10-2022,286.86,Delivered
10674,Cust_137,Res_086,P_149,22-08-2025,474.73,Cancelled
10675,Cust_645,Res_030,P_86,09-07-2023,272.72,Delivered
10676,Cust_048,Res_007,P_53,13-06-2024,1185.15,Cancelled
10677,Cust_389,Res_048,P_47,18-02-2023,474.06,Delivered
10678,Cust_200,Res_055,P_128,14-03-2023,286.84,Cancelled
10679,Cust_287,Res_006,P_106,09-04-2024,359.04,Delivered
10680,Cust_297,Res_080,P_34,20-10-2023,767.09,Delivered
10681,Cust_060,Res_110,P_53,09-05-2023,217.25,Delivered
10682,Cust_631,Res_002,P_65,05-01-2022,1055.56,Delivered
10683,Cust_167,Res_001,P_81,05-08-2024,1159.57,Cancelled
10684,Cust_674,Res_094,P_72,12-11-2022,409.08,Delivered
10685,Cust_528,Res_090,P_35,11-08-2022,622.6,Delivered
10686,Cust_488,Res_073,P_34,03-08-2021,173.24,Delivered
10687,Cust_535,Res_039,P_95,23-10-2023,822.75,Delivered
10688,Cust_228,Res_028,P_28,12-02-2025,584.62,Delivered
10689,Cust_393,Res_052,P_125,04-01-2024,433.56,Delivered
10690,Cust_590,Res_088,P_118,07-10-2022,367.18,Delivered
10691,Cust_687,Res_112,P_90,01-06-2023,836.72,Cancelled
10692,Cust_268,Res_085,P_45,21-03-2025,587.03,Refunded
10693,Cust_584,Res_120,P_87,14-03-2021,338.64,Delivered
10694,Cust_080,Res_018,P_41,26-06-2021,873.56,Delivered
10695,Cust_510,Res_030,P_86,04-10-2023,743.33,Delivered
10696,Cust_732,Res_113,P_43,08-05-2023,1051.61,Delivered
10697,Cust_482,Res_099,P_132,08-01-2023,273.35,Delivered
10698,Cust_308,Res_109,P_65,10-01-2025,974.95,Refunded
10699,Cust_290,Res_062,P_128,19-02-2021,857.19,Delivered
10700,Cust_683,Res_085,P_53,19-06-2025,270.76,Refunded
10701,Cust_013,Res_007,P_75,25-01-2023,879.56,Cancelled
10702,Cust_204,Res_021,P_61,26-12-2021,613.62,Cancelled
10703,Cust_490,Res_052,P_139,22-09-2025,1142.23,Cancelled
10704,Cust_270,Res_077,P_85,15-02-2022,298.69,Delivered
10705,Cust_520,Res_116,P_44,08-10-2024,824.98,Delivered
10706,Cust_651,Res_116,P_105,08-06-2025,551.08,Delivered
10707,Cust_258,Res_109,P_122,23-06-2024,1154.66,Delivered
10708,Cust_017,Res_120,P_107,17-10-2023,496.47,Delivered
10709,Cust_126,Res_002,P_122,09-08-2021,659.23,Delivered
10710,Cust_206,Res_091,P_29,15-06-2024,1096.56,Delivered
10711,Cust_016,Res_059,P_89,01-07-2022,433.9,Refunded
10712,Cust_269,Res_054,P_118,14-06-2022,993.72,Cancelled
10713,Cust_807,Res_056,P_62,24-07-2023,1195.38,Delivered
10714,Cust_515,Res_066,P_07,17-05-2022,415.3,Delivered
10715,Cust_127,Res_083,P_01,05-06-2022,608.62,Delivered
10716,Cust_697,Res_053,P_117,04-01-2025,696.19,Delivered
10717,Cust_330,Res_046,P_35,15-02-2021,459.68,Delivered
10718,Cust_635,Res_084,P_48,06-01-2024,166.03,Delivered
10719,Cust_782,Res_075,P_31,27-06-2021,381.14,Delivered
10720,Cust_743,Res_050,P_89,23-04-2021,446.03,Cancelled
10721,Cust_055,Res_106,P_39,24-03-2025,615.78,Cancelled
10722,Cust_697,Res_063,P_71,28-10-2024,329.66,Delivered
10723,Cust_744,Res_041,P_127,05-03-2021,1066.92,Delivered
10724,Cust_357,Res_109,P_143,26-06-2021,890.16,Delivered
10725,Cust_699,Res_047,P_79,08-12-2024,239.46,Delivered
10726,Cust_003,Res_083,P_15,13-04-2024,832.6,Delivered
10727,Cust_085,Res_050,P_135,24-11-2025,836.34,Delivered
10728,Cust_457,Res_093,P_37,02-11-2025,1154.03,Delivered
10729,Cust_499,Res_056,P_100,25-08-2021,153.17,Delivered
10730,Cust_223,Res_070,P_66,03-02-2024,410.33,Delivered
10731,Cust_392,Res_050,P_106,10-07-2024,1124.18,Delivered
10732,Cust_459,Res_106,P_134,24-07-2022,1128.74,Delivered
10733,Cust_002,Res_073,P_01,27-06-2025,906.62,Delivered
10734,Cust_805,Res_030,P_106,01-01-2022,954.05,Cancelled
10735,Cust_266,Res_031,P_75,18-08-2024,246.06,Delivered
10736,Cust_792,Res_010,P_104,07-10-2024,689.57,Cancelled
10737,Cust_155,Res_068,P_04,04-09-2023,393.16,Delivered
10738,Cust_035,Res_100,P_130,04-01-2022,340.28,Delivered
10739,Cust_595,Res_080,P_47,03-04-2021,1000.82,Delivered
10740,Cust_047,Res_053,P_28,06-12-2023,291.79,Delivered
10741,Cust_004,Res_029,P_52,17-10-2023,642.08,Delivered
10742,Cust_642,Res_093,P_38,09-04-2025,1135.51,Delivered
10743,Cust_163,Res_055,P_44,08-04-2022,345.12,Delivered
10744,Cust_019,Res_050,P_98,03-08-2023,659.23,Delivered
10745,Cust_037,Res_010,P_129,21-09-2025,1194,Delivered
10746,Cust_524,Res_004,P_121,07-09-2024,733.4,Delivered
10747,Cust_638,Res_106,P_116,27-02-2024,328.65,Delivered
10748,Cust_383,Res_103,P_97,21-05-2025,481.91,Delivered
10749,Cust_288,Res_028,P_84,23-11-2025,595.72,Delivered
10750,Cust_748,Res_079,P_42,27-06-2025,474.79,Delivered
10751,Cust_381,Res_096,P_54,11-08-2024,444.67,Delivered
10752,Cust_345,Res_011,P_74,14-01-2024,1170.84,Delivered
10753,Cust_568,Res_008,P_03,22-08-2023,311.03,Delivered
10754,Cust_672,Res_002,P_68,13-06-2025,919.99,Delivered
10755,Cust_255,Res_098,P_68,01-04-2022,150.43,Delivered
10756,Cust_079,Res_004,P_50,16-05-2023,775.99,Delivered
10757,Cust_131,Res_023,P_138,11-02-2022,1111.74,Delivered
10758,Cust_090,Res_022,P_14,01-02-2024,452.33,Delivered
10759,Cust_480,Res_084,P_10,19-03-2025,344.8,Delivered
10760,Cust_492,Res_080,P_90,21-06-2024,834.26,Delivered
10761,Cust_581,Res_059,P_116,26-12-2025,898.23,Delivered
10762,Cust_126,Res_040,P_56,18-08-2025,872.43,Delivered
10763,Cust_106,Res_083,P_53,18-02-2023,485.28,Delivered
10764,Cust_350,Res_042,P_106,25-11-2023,414.81,Delivered
10765,Cust_250,Res_017,P_123,07-04-2025,1153.71,Delivered
10766,Cust_514,Res_076,P_71,09-10-2024,1119.46,Delivered
10767,Cust_130,Res_003,P_126,25-07-2021,630.18,Delivered
10768,Cust_506,Res_031,P_53,14-10-2021,1038.5,Delivered
10769,Cust_409,Res_012,P_124,21-08-2024,624.94,Delivered
10770,Cust_450,Res_077,P_17,04-07-2024,595.61,Delivered
10771,Cust_693,Res_070,P_01,17-11-2023,314.6,Cancelled
10772,Cust_314,Res_002,P_131,01-12-2022,597.73,Delivered
10773,Cust_437,Res_037,P_84,25-09-2025,714.29,Delivered
10774,Cust_787,Res_112,P_40,22-11-2021,173.63,Delivered
10775,Cust_512,Res_057,P_90,09-07-2021,616.32,Delivered
10776,Cust_273,Res_116,P_28,05-10-2021,970.42,Delivered
10777,Cust_799,Res_119,P_55,22-01-2021,864.05,Cancelled
10778,Cust_478,Res_097,P_04,26-11-2022,816.91,Delivered
10779,Cust_401,Res_040,P_106,15-01-2024,1105.03,Delivered
10780,Cust_615,Res_109,P_21,05-02-2021,168.93,Delivered
10781,Cust_149,Res_046,P_50,04-05-2024,734.9,Refunded
10782,Cust_016,Res_116,P_150,03-11-2025,976.72,Delivered
10783,Cust_028,Res_025,P_87,20-06-2024,718.4,Delivered
10784,Cust_721,Res_010,P_68,16-02-2021,490.09,Delivered
10785,Cust_117,Res_004,P_12,17-09-2023,293.06,Delivered
10786,Cust_521,Res_003,P_138,03-05-2024,1081.94,Delivered
10787,Cust_466,Res_090,P_04,20-12-2023,644.3,Delivered
10788,Cust_798,Res_112,P_90,24-11-2022,1072.02,Delivered
10789,Cust_577,Res_106,P_111,11-07-2023,765.14,Delivered
10790,Cust_425,Res_056,P_06,26-05-2023,857.9,Delivered
10791,Cust_671,Res_102,P_89,16-10-2025,994.47,Delivered
10792,Cust_253,Res_061,P_96,03-12-2022,842.11,Delivered
10793,Cust_576,Res_035,P_108,09-07-2024,567.96,Cancelled
10794,Cust_708,Res_113,P_61,26-11-2024,689.32,Delivered
10795,Cust_542,Res_036,P_113,25-04-2025,993.2,Refunded
10796,Cust_506,Res_034,P_143,27-09-2023,542.33,Cancelled
10797,Cust_179,Res_039,P_52,21-11-2021,557.53,Delivered
10798,Cust_564,Res_118,P_121,02-12-2022,250.47,Delivered
10799,Cust_162,Res_038,P_150,16-04-2022,1110.31,Delivered
10800,Cust_514,Res_013,P_96,06-06-2023,245.59,Delivered
10801,Cust_422,Res_076,P_121,22-09-2022,830.62,Delivered
10802,Cust_238,Res_044,P_112,11-07-2022,583.85,Delivered
10803,Cust_071,Res_006,P_17,19-01-2025,575.9,Delivered
10804,Cust_048,Res_100,P_122,23-03-2023,863.53,Delivered
10805,Cust_547,Res_077,P_115,23-03-2024,220.45,Delivered
10806,Cust_410,Res_038,P_76,02-06-2022,773.39,Cancelled
10807,Cust_010,Res_116,P_85,24-07-2023,960.63,Delivered
10808,Cust_543,Res_002,P_64,09-07-2024,1019.62,Refunded
10809,Cust_084,Res_007,P_83,11-10-2023,659.23,Delivered
10810,Cust_386,Res_072,P_14,04-09-2021,1092.29,Refunded
10811,Cust_175,Res_026,P_91,28-05-2024,838.95,Delivered
10812,Cust_789,Res_096,P_133,21-12-2021,659.23,Delivered
10813,Cust_294,Res_098,P_107,16-10-2024,659.54,Delivered
10814,Cust_347,Res_051,P_46,10-03-2025,719.14,Delivered
10815,Cust_579,Res_100,P_138,26-07-2023,1114.99,Cancelled
10816,Cust_346,Res_061,P_12,12-04-2025,1094.91,Delivered
10817,Cust_684,Res_043,P_107,21-01-2021,620.57,Cancelled
10818,Cust_526,Res_058,P_12,02-07-2023,438.13,Delivered
10819,Cust_750,Res_049,P_108,06-07-2022,562.83,Delivered
10820,Cust_256,Res_007,P_28,20-11-2023,557.15,Cancelled
10821,Cust_186,Res_070,P_122,25-06-2024,451.21,Delivered
10822,Cust_328,Res_071,P_81,01-01-2023,432.01,Delivered
10823,Cust_517,Res_057,P_19,21-10-2021,1054.12,Cancelled
10824,Cust_193,Res_109,P_114,16-08-2025,223.36,Cancelled
10825,Cust_069,Res_001,P_111,22-04-2023,861.49,Refunded
10826,Cust_334,Res_106,P_29,01-01-2025,331.46,Cancelled
10827,Cust_300,Res_100,P_127,05-08-2023,511.73,Delivered
10828,Cust_540,Res_114,P_49,01-02-2025,214.62,Cancelled
10829,Cust_169,Res_011,P_89,09-02-2025,433.47,Delivered
10830,Cust_208,Res_108,P_126,03-08-2021,956.84,Refunded
10831,Cust_698,Res_118,P_99,21-08-2025,659.23,Delivered
10832,Cust_403,Res_112,P_121,21-10-2025,382.6,Delivered
10833,Cust_546,Res_060,P_17,15-09-2022,636.73,Delivered
10834,Cust_558,Res_055,P_15,10-08-2024,643.84,Delivered
10835,Cust_653,Res_104,P_28,19-01-2023,1067.25,Delivered
10836,Cust_267,Res_036,P_124,01-06-2024,950.94,Cancelled
10837,Cust_204,Res_080,P_98,25-10-2024,688.73,Cancelled
10838,Cust_425,Res_017,P_05,14-02-2025,854.28,Delivered
10839,Cust_299,Res_001,P_92,23-04-2024,1039.72,Delivered
10840,Cust_774,Res_043,P_99,12-02-2024,160.02,Delivered
10841,Cust_790,Res_074,P_67,26-07-2025,573.03,Delivered
10842,Cust_319,Res_069,P_127,28-06-2023,1102.61,Delivered
10843,Cust_554,Res_101,P_30,08-07-2024,927.33,Cancelled
10844,Cust_493,Res_056,P_48,19-02-2025,719.98,Delivered
10845,Cust_097,Res_016,P_38,06-02-2025,706.13,Delivered
10846,Cust_702,Res_014,P_15,18-01-2022,515.16,Delivered
10847,Cust_314,Res_083,P_59,17-10-2024,696.55,Delivered
10848,Cust_542,Res_032,P_08,06-06-2022,838.15,Delivered
10849,Cust_361,Res_060,P_83,01-12-2022,589.28,Delivered
10850,Cust_582,Res_079,P_10,22-01-2023,899.86,Delivered
10851,Cust_201,Res_067,P_113,13-05-2021,1054.29,Delivered
10852,Cust_208,Res_102,P_114,04-01-2022,312.42,Cancelled
10853,Cust_696,Res_115,P_81,13-06-2025,659.23,Delivered
10854,Cust_429,Res_050,P_119,23-05-2023,578.42,Delivered
10855,Cust_370,Res_036,P_94,23-03-2021,871.84,Delivered
10856,Cust_706,Res_020,P_90,26-04-2024,412.36,Cancelled
10857,Cust_515,Res_060,P_85,07-03-2022,822.26,Delivered
10858,Cust_400,Res_045,P_40,15-04-2022,1071.36,Cancelled
10859,Cust_014,Res_005,P_87,25-01-2021,589.04,Delivered
10860,Cust_504,Res_074,P_38,19-08-2023,1106.57,Delivered
10861,Cust_165,Res_092,P_06,08-08-2021,1192.82,Delivered
10862,Cust_339,Res_120,P_86,17-06-2025,261.4,Delivered
10863,Cust_559,Res_060,P_130,02-01-2023,394.71,Delivered
10864,Cust_307,Res_038,P_03,16-03-2021,1147.9,Delivered
10865,Cust_134,Res_023,P_136,04-11-2025,1156.24,Cancelled
10866,Cust_278,Res_113,P_46,10-06-2021,252.59,Cancelled
10867,Cust_473,Res_067,P_31,09-07-2024,165.75,Delivered
10868,Cust_148,Res_052,P_100,08-02-2024,319.16,Delivered
10869,Cust_609,Res_047,P_06,18-10-2022,1195.81,Delivered
10870,Cust_069,Res_046,P_88,24-08-2023,339,Delivered
10871,Cust_638,Res_070,P_124,04-01-2022,677.67,Delivered
10872,Cust_806,Res_056,P_91,24-01-2023,1040.84,Cancelled
10873,Cust_773,Res_103,P_65,08-11-2025,171.42,Refunded
10874,Cust_198,Res_016,P_100,17-05-2021,784.71,Delivered
10875,Cust_628,Res_076,P_43,15-04-2022,440.88,Cancelled
10876,Cust_202,Res_109,P_123,20-08-2022,1055.45,Delivered
10877,Cust_411,Res_068,P_133,02-06-2025,447.63,Delivered
10878,Cust_444,Res_078,P_53,25-02-2025,871.09,Delivered
10879,Cust_572,Res_086,P_98,07-02-2022,857.93,Delivered
10880,Cust_615,Res_018,P_41,10-04-2025,382.57,Delivered
10881,Cust_264,Res_096,P_140,24-07-2024,186.54,Delivered
10882,Cust_401,Res_015,P_58,17-04-2022,579.71,Delivered
10883,Cust_717,Res_084,P_98,04-07-2023,453.65,Delivered
10884,Cust_187,Res_015,P_146,23-08-2025,999.43,Refunded
10885,Cust_286,Res_027,P_137,21-08-2024,990.38,Delivered
10886,Cust_753,Res_018,P_105,19-02-2021,629.88,Delivered
10887,Cust_791,Res_023,P_130,08-02-2025,786.84,Delivered
10888,Cust_286,Res_098,P_141,04-09-2023,784.47,Delivered
10889,Cust_115,Res_009,P_147,11-11-2023,1018.52,Delivered
10890,Cust_353,Res_003,P_64,18-12-2021,596.25,Cancelled
10891,Cust_135,Res_064,P_142,20-05-2024,439.22,Delivered
10892,Cust_434,Res_025,P_114,22-04-2023,428.29,Cancelled
10893,Cust_436,Res_069,P_44,07-06-2021,713,Delivered
10894,Cust_447,Res_055,P_68,23-10-2021,621.61,Delivered
10895,Cust_252,Res_074,P_20,09-02-2024,612.13,Cancelled
10896,Cust_747,Res_015,P_42,03-04-2025,245.69,Cancelled
10897,Cust_307,Res_019,P_124,22-08-2025,904.53,Refunded
10898,Cust_197,Res_002,P_94,28-11-2022,374.42,Delivered
10899,Cust_749,Res_047,P_94,16-10-2023,356.8,Cancelled
10900,Cust_305,Res_038,P_118,13-02-2021,583.4,Cancelled
10901,Cust_332,Res_029,P_113,22-02-2023,389.17,Cancelled
10902,Cust_229,Res_116,P_35,01-07-2024,763.05,Delivered
10903,Cust_541,Res_013,P_146,23-04-2024,540.04,Delivered
10904,Cust_774,Res_039,P_15,25-09-2022,621.36,Cancelled
10905,Cust_021,Res_026,P_09,11-05-2021,714.03,Delivered
10906,Cust_222,Res_063,P_80,08-06-2022,363.71,Delivered
10907,Cust_255,Res_110,P_101,07-09-2023,313.54,Delivered
10908,Cust_129,Res_068,P_148,12-04-2022,1074.44,Delivered
10909,Cust_798,Res_033,P_108,07-09-2022,605.41,Delivered
10910,Cust_181,Res_047,P_69,07-02-2023,659.23,Delivered
10911,Cust_225,Res_101,P_72,28-03-2022,187.39,Cancelled
10912,Cust_543,Res_015,P_43,06-09-2024,672.88,Delivered
10913,Cust_434,Res_059,P_147,01-12-2024,731.88,Delivered
10914,Cust_635,Res_098,P_26,17-02-2023,736.78,Delivered
10915,Cust_573,Res_017,P_98,15-06-2023,892.38,Delivered
10916,Cust_565,Res_014,P_49,18-12-2025,336.36,Delivered
10917,Cust_660,Res_120,P_56,25-09-2022,414.83,Delivered
10918,Cust_547,Res_089,P_09,09-09-2024,1001.27,Delivered
10919,Cust_772,Res_085,P_114,13-10-2022,1144.53,Cancelled
10920,Cust_225,Res_045,P_145,11-03-2023,292.73,Delivered
10921,Cust_332,Res_056,P_80,18-08-2023,672.53,Delivered
10922,Cust_645,Res_090,P_121,27-10-2024,374.89,Delivered
10923,Cust_010,Res_117,P_132,24-09-2025,213.08,Delivered
10924,Cust_352,Res_034,P_11,09-05-2023,491.78,Delivered
10925,Cust_763,Res_024,P_23,01-07-2023,300.87,Cancelled
10926,Cust_742,Res_115,P_51,12-09-2021,895.43,Delivered
10927,Cust_750,Res_116,P_03,20-04-2025,710.41,Delivered
10928,Cust_376,Res_065,P_110,19-05-2021,301.03,Delivered
10929,Cust_079,Res_109,P_147,16-04-2025,159.7,Delivered
10930,Cust_448,Res_007,P_25,18-05-2021,998.56,Refunded
10931,Cust_109,Res_101,P_56,14-11-2025,335,Delivered
10932,Cust_091,Res_031,P_66,25-05-2025,786.53,Delivered
10933,Cust_547,Res_114,P_108,11-10-2021,503.77,Delivered
10934,Cust_618,Res_076,P_96,04-05-2022,764.76,Delivered
10935,Cust_309,Res_033,P_20,24-03-2023,481.44,Delivered
10936,Cust_366,Res_045,P_88,14-06-2022,241.29,Delivered
10937,Cust_752,Res_100,P_82,11-10-2023,384.1,Delivered
10938,Cust_002,Res_106,P_40,03-01-2023,347.46,Delivered
10939,Cust_653,Res_094,P_143,18-04-2023,599.42,Delivered
10940,Cust_305,Res_007,P_75,02-02-2025,841.2,Delivered
10941,Cust_371,Res_118,P_109,26-08-2022,427,Refunded
10942,Cust_462,Res_089,P_100,19-07-2024,162.67,Delivered
10943,Cust_212,Res_103,P_07,21-10-2025,694.88,Cancelled
10944,Cust_506,Res_119,P_20,08-02-2023,786.05,Cancelled
10945,Cust_621,Res_013,P_37,28-08-2021,1161.01,Refunded
10946,Cust_461,Res_074,P_41,09-04-2025,768.94,Delivered
10947,Cust_047,Res_059,P_58,06-04-2023,644.73,Delivered
10948,Cust_500,Res_070,P_96,22-05-2022,752.07,Delivered
10949,Cust_126,Res_103,P_55,02-03-2025,1124.3,Delivered
10950,Cust_604,Res_062,P_10,02-03-2023,1019.8,Delivered
10951,Cust_501,Res_113,P_39,03-03-2024,489.13,Delivered
10952,Cust_504,Res_069,P_19,17-04-2024,399.12,Refunded
10953,Cust_569,Res_065,P_41,14-02-2021,425.77,Delivered
10954,Cust_629,Res_064,P_139,11-04-2022,679.64,Delivered
10955,Cust_698,Res_095,P_55,09-09-2024,931.25,Delivered
10956,Cust_573,Res_021,P_87,11-03-2023,678.38,Delivered
10957,Cust_152,Res_012,P_150,25-02-2024,221.19,Delivered
10958,Cust_566,Res_067,P_132,01-09-2022,909.76,Delivered
10959,Cust_122,Res_019,P_30,16-11-2021,996.27,Delivered
10960,Cust_222,Res_105,P_39,27-03-2021,453.97,Delivered
10961,Cust_229,Res_069,P_128,18-01-2022,847.33,Cancelled
10962,Cust_271,Res_077,P_74,08-09-2024,597.92,Delivered
10963,Cust_499,Res_012,P_109,25-08-2025,1083.58,Refunded
10964,Cust_097,Res_099,P_53,26-12-2023,1037.49,Delivered
10965,Cust_110,Res_069,P_137,19-04-2023,701.7,Delivered
10966,Cust_086,Res_019,P_59,17-06-2023,876.08,Delivered
10967,Cust_645,Res_080,P_57,15-12-2023,1077.52,Delivered
10968,Cust_169,Res_074,P_134,11-06-2025,670.5,Delivered
10969,Cust_647,Res_025,P_21,07-08-2021,478.91,Delivered
10970,Cust_392,Res_048,P_121,20-04-2021,941.35,Delivered
10971,Cust_220,Res_093,P_116,12-01-2023,381.07,Delivered
10972,Cust_564,Res_032,P_105,01-03-2022,557.96,Cancelled
10973,Cust_646,Res_091,P_143,05-08-2022,1059.01,Delivered
10974,Cust_169,Res_036,P_10,15-06-2023,910.64,Delivered
10975,Cust_072,Res_032,P_36,09-07-2025,574,Delivered
10976,Cust_205,Res_034,P_102,09-03-2021,375.48,Delivered
10977,Cust_404,Res_080,P_112,05-12-2023,523.77,Delivered
10978,Cust_748,Res_033,P_18,17-06-2023,448.31,Delivered
10979,Cust_743,Res_009,P_64,19-10-2024,334.89,Delivered
10980,Cust_325,Res_117,P_54,10-06-2024,930.5,Cancelled
10981,Cust_733,Res_013,P_70,10-08-2023,414.67,Delivered
10982,Cust_455,Res_103,P_106,25-01-2021,626.88,Delivered
10983,Cust_767,Res_110,P_147,13-12-2024,555.15,Delivered
10984,Cust_220,Res_112,P_103,28-09-2024,1181.18,Delivered
10985,Cust_364,Res_101,P_31,20-12-2023,560.65,Delivered
10986,Cust_746,Res_118,P_49,05-01-2021,233.98,Delivered
10987,Cust_730,Res_108,P_27,15-02-2023,244.32,Delivered
10988,Cust_576,Res_009,P_07,03-05-2024,770.29,Delivered
10989,Cust_620,Res_053,P_137,02-04-2023,779.33,Delivered
10990,Cust_034,Res_107,P_114,22-02-2022,589.7,Delivered
10991,Cust_369,Res_105,P_114,14-02-2025,603.44,Delivered
10992,Cust_119,Res_045,P_30,18-10-2023,206.63,Delivered
10993,Cust_515,Res_088,P_60,12-07-2023,692.37,Delivered
10994,Cust_132,Res_073,P_42,18-10-2021,679.98,Delivered
10995,Cust_017,Res_022,P_51,01-12-2022,307.03,Cancelled
10996,Cust_781,Res_069,P_102,01-11-2022,259.03,Cancelled
10997,Cust_230,Res_109,P_77,09-09-2021,279.75,Delivered
10998,Cust_393,Res_108,P_72,05-12-2025,256.08,Delivered
10999,Cust_449,Res_016,P_82,17-11-2025,790.19,Delivered
11000,Cust_734,Res_083,P_55,15-02-2023,356.31,Delivered
11001,Cust_707,Res_088,P_147,01-06-2025,414,Delivered
11002,Cust_530,Res_006,P_79,11-10-2022,332.25,Delivered
11003,Cust_080,Res_042,P_29,09-10-2021,1155.73,Delivered
11004,Cust_076,Res_058,P_41,22-10-2022,1047.35,Delivered
11005,Cust_512,Res_053,P_74,10-04-2021,392.02,Delivered
11006,Cust_302,Res_036,P_145,09-08-2025,493.94,Delivered
11007,Cust_059,Res_067,P_93,28-09-2021,370.39,Delivered
11008,Cust_405,Res_052,P_65,16-01-2023,659.23,Delivered
11009,Cust_138,Res_086,P_110,13-06-2023,170.59,Delivered
11010,Cust_389,Res_015,P_28,09-08-2025,659.23,Delivered
11011,Cust_508,Res_103,P_90,06-08-2022,699.32,Delivered
11012,Cust_556,Res_088,P_127,25-04-2025,1093.57,Delivered
11013,Cust_752,Res_105,P_62,17-09-2024,322.61,Delivered
11014,Cust_543,Res_074,P_127,05-11-2024,994.31,Delivered
11015,Cust_528,Res_071,P_78,08-08-2021,981.56,Delivered
11016,Cust_752,Res_069,P_149,06-01-2021,283.54,Delivered
11017,Cust_099,Res_021,P_144,25-03-2021,568.49,Delivered
11018,Cust_077,Res_019,P_26,19-08-2021,328.66,Delivered
11019,Cust_549,Res_077,P_129,28-01-2023,417.46,Delivered
11020,Cust_680,Res_110,P_59,16-06-2021,426.41,Delivered
11021,Cust_796,Res_018,P_08,20-04-2025,734.05,Delivered
11022,Cust_382,Res_004,P_120,22-06-2022,581.98,Delivered
11023,Cust_364,Res_075,P_92,04-01-2024,1145.12,Delivered
11024,Cust_462,Res_073,P_86,28-08-2023,282.69,Delivered
11025,Cust_608,Res_073,P_130,08-04-2025,1172.38,Delivered
11026,Cust_722,Res_064,P_106,19-09-2023,392.17,Delivered
11027,Cust_721,Res_015,P_130,13-03-2023,961.52,Delivered
11028,Cust_265,Res_053,P_25,05-03-2022,505.92,Delivered
11029,Cust_222,Res_003,P_112,04-11-2025,300.24,Refunded
11030,Cust_414,Res_067,P_145,21-12-2025,1050.78,Delivered
11031,Cust_033,Res_080,P_121,14-02-2022,474.3,Cancelled
11032,Cust_215,Res_083,P_109,02-11-2021,659.23,Delivered
11033,Cust_393,Res_067,P_20,09-02-2023,744.77,Delivered
11034,Cust_617,Res_042,P_74,03-09-2024,645.34,Delivered
11035,Cust_780,Res_042,P_42,28-05-2021,670.61,Delivered
11036,Cust_738,Res_077,P_40,12-09-2023,918.85,Delivered
11037,Cust_035,Res_063,P_32,25-07-2023,242.16,Delivered
11038,Cust_170,Res_016,P_122,18-05-2022,851.59,Delivered
11039,Cust_206,Res_044,P_37,03-07-2021,1090.6,Delivered
11040,Cust_154,Res_047,P_149,13-02-2023,210.68,Delivered
11041,Cust_572,Res_048,P_31,15-12-2023,297.69,Cancelled
11042,Cust_737,Res_067,P_92,09-01-2023,902.46,Delivered
11043,Cust_766,Res_052,P_12,18-02-2025,609.15,Delivered
11044,Cust_023,Res_014,P_106,01-12-2022,573.73,Delivered
11045,Cust_020,Res_047,P_80,03-11-2024,293.81,Delivered
11046,Cust_606,Res_033,P_141,26-09-2025,682.11,Delivered
11047,Cust_549,Res_010,P_36,04-04-2022,282.87,Delivered
11048,Cust_370,Res_026,P_51,21-11-2021,650.45,Delivered
11049,Cust_327,Res_005,P_66,08-12-2023,951.8,Delivered
11050,Cust_105,Res_118,P_32,28-05-2022,421.18,Cancelled
11051,Cust_655,Res_024,P_70,23-05-2024,654.83,Delivered
11052,Cust_342,Res_107,P_124,01-02-2022,1191.62,Cancelled
11053,Cust_690,Res_018,P_52,13-10-2021,870.98,Refunded
11054,Cust_589,Res_019,P_27,25-02-2022,1033.42,Delivered
11055,Cust_209,Res_071,P_56,19-10-2022,585.59,Delivered
11056,Cust_782,Res_017,P_101,26-10-2022,956.25,Delivered
11057,Cust_661,Res_049,P_64,15-03-2021,192.53,Delivered
11058,Cust_724,Res_095,P_29,11-10-2022,279.06,Delivered
11059,Cust_092,Res_019,P_97,04-08-2024,363.22,Delivered
11060,Cust_730,Res_108,P_26,02-01-2021,572.05,Delivered
11061,Cust_676,Res_111,P_128,02-09-2021,1038.03,Delivered
11062,Cust_697,Res_029,P_127,20-12-2021,513.58,Cancelled
11063,Cust_203,Res_093,P_90,09-07-2024,837.35,Delivered
11064,Cust_498,Res_047,P_63,26-03-2024,894.78,Delivered
11065,Cust_280,Res_040,P_141,02-09-2024,765.49,Cancelled
11066,Cust_005,Res_072,P_92,17-08-2023,525.1,Delivered
11067,Cust_442,Res_089,P_124,01-11-2025,755.91,Delivered
11068,Cust_119,Res_072,P_123,16-03-2023,509.38,Delivered
11069,Cust_696,Res_051,P_63,14-04-2021,238.07,Delivered
11070,Cust_291,Res_027,P_70,02-03-2021,1192.44,Delivered
11071,Cust_154,Res_076,P_13,18-12-2025,283.54,Refunded
11072,Cust_430,Res_008,P_103,14-04-2022,225.97,Delivered
11073,Cust_314,Res_108,P_19,26-03-2021,1072.46,Delivered
11074,Cust_806,Res_064,P_92,22-03-2022,466.93,Delivered
11075,Cust_377,Res_116,P_37,16-03-2024,832.81,Delivered
11076,Cust_621,Res_062,P_117,28-04-2022,495.46,Cancelled
11077,Cust_076,Res_068,P_74,10-11-2024,561.03,Cancelled
11078,Cust_474,Res_041,P_116,22-12-2021,425.22,Delivered
11079,Cust_079,Res_029,P_27,28-03-2022,510.2,Delivered
11080,Cust_767,Res_025,P_133,21-05-2022,581.24,Delivered
11081,Cust_753,Res_024,P_104,03-06-2022,906.44,Delivered
11082,Cust_482,Res_062,P_25,05-08-2024,687.11,Delivered
11083,Cust_508,Res_052,P_117,17-10-2023,1140.74,Delivered
11084,Cust_804,Res_087,P_81,22-04-2024,193.97,Refunded
11085,Cust_339,Res_064,P_58,21-06-2025,678.22,Delivered
11086,Cust_231,Res_052,P_84,16-12-2024,763.44,Cancelled
11087,Cust_629,Res_117,P_18,21-04-2022,1116.21,Delivered
11088,Cust_453,Res_006,P_45,27-06-2023,201.62,Delivered
11089,Cust_641,Res_024,P_83,16-08-2023,752.17,Cancelled
11090,Cust_471,Res_098,P_125,02-08-2025,1046.31,Delivered
11091,Cust_605,Res_083,P_90,12-12-2022,404.02,Cancelled
11092,Cust_262,Res_080,P_137,06-08-2021,1070.11,Delivered
11093,Cust_124,Res_063,P_11,28-07-2021,170,Delivered
11094,Cust_469,Res_017,P_15,11-05-2024,919.08,Cancelled
11095,Cust_312,Res_086,P_84,21-01-2023,1129.77,Delivered
11096,Cust_640,Res_049,P_57,02-02-2025,840.06,Cancelled
11097,Cust_540,Res_032,P_62,09-05-2023,610.98,Cancelled
11098,Cust_097,Res_082,P_89,10-08-2025,197.13,Delivered
11099,Cust_710,Res_014,P_42,13-12-2021,1116.12,Delivered
11100,Cust_271,Res_058,P_75,09-07-2024,643.81,Delivered
11101,Cust_146,Res_010,P_41,13-10-2025,180.45,Delivered
11102,Cust_635,Res_044,P_134,08-04-2022,874.31,Delivered
11103,Cust_531,Res_050,P_100,06-02-2023,655.93,Delivered
11104,Cust_502,Res_057,P_17,26-05-2022,280.56,Delivered
11105,Cust_449,Res_047,P_148,13-06-2023,374.99,Delivered
11106,Cust_700,Res_015,P_137,13-09-2024,217.72,Delivered
11107,Cust_096,Res_079,P_46,24-07-2025,753.01,Cancelled
11108,Cust_289,Res_035,P_82,24-09-2025,803.13,Delivered
11109,Cust_597,Res_040,P_104,19-10-2022,681.03,Cancelled
11110,Cust_019,Res_118,P_137,08-02-2021,1007.96,Delivered
11111,Cust_623,Res_012,P_40,26-01-2021,1054.06,Delivered
11112,Cust_179,Res_087,P_09,23-02-2021,796.41,Delivered
11113,Cust_130,Res_105,P_108,21-08-2023,163.39,Delivered
11114,Cust_277,Res_047,P_79,28-02-2023,879.99,Refunded
11115,Cust_790,Res_021,P_109,21-10-2023,588.9,Delivered
11116,Cust_766,Res_087,P_94,11-04-2023,743.84,Delivered
11117,Cust_632,Res_054,P_17,22-02-2022,831.53,Delivered
11118,Cust_468,Res_054,P_04,15-05-2021,517.75,Delivered
11119,Cust_718,Res_068,P_115,27-08-2024,1112.95,Delivered
11120,Cust_809,Res_042,P_117,03-10-2025,290.67,Delivered
11121,Cust_303,Res_010,P_32,01-10-2025,855.09,Delivered
11122,Cust_597,Res_064,P_01,20-04-2025,659.23,Delivered
11123,Cust_722,Res_100,P_143,18-09-2022,1120.88,Cancelled
11124,Cust_255,Res_060,P_122,26-05-2025,268.13,Delivered
11125,Cust_110,Res_058,P_48,28-11-2025,249.63,Delivered
11126,Cust_513,Res_014,P_63,04-07-2024,499.66,Delivered
11127,Cust_624,Res_035,P_36,11-07-2021,542.24,Delivered
11128,Cust_075,Res_087,P_34,24-06-2023,375.02,Cancelled
11129,Cust_734,Res_109,P_95,25-09-2022,659.23,Delivered
11130,Cust_267,Res_005,P_76,10-05-2025,615.06,Delivered
11131,Cust_498,Res_101,P_87,01-12-2023,185.88,Delivered
11132,Cust_734,Res_019,P_98,15-12-2024,485.63,Delivered
11133,Cust_653,Res_069,P_116,13-04-2024,1000.95,Delivered
11134,Cust_209,Res_100,P_89,15-02-2023,874.19,Delivered
11135,Cust_228,Res_096,P_77,11-05-2022,911.11,Delivered
11136,Cust_543,Res_118,P_54,08-03-2022,883.02,Delivered
11137,Cust_621,Res_006,P_03,01-04-2022,476.52,Cancelled
11138,Cust_616,Res_058,P_41,03-04-2022,254.65,Delivered
11139,Cust_005,Res_049,P_25,17-10-2023,436.09,Cancelled
11140,Cust_707,Res_008,P_139,17-12-2023,1023.37,Delivered
11141,Cust_022,Res_003,P_12,12-05-2023,1179.49,Cancelled
11142,Cust_724,Res_077,P_89,04-04-2021,668.54,Delivered
11143,Cust_546,Res_072,P_80,11-10-2024,160.19,Delivered
11144,Cust_240,Res_099,P_62,24-01-2021,297.05,Delivered
11145,Cust_680,Res_116,P_68,27-01-2024,488.18,Delivered
11146,Cust_777,Res_053,P_93,13-12-2025,757.51,Delivered
11147,Cust_224,Res_007,P_112,22-10-2023,228.85,Delivered
11148,Cust_786,Res_065,P_37,23-06-2024,1140.53,Delivered
11149,Cust_067,Res_114,P_122,07-12-2022,533.34,Delivered
11150,Cust_224,Res_064,P_97,04-02-2023,1108.21,Delivered
11151,Cust_150,Res_010,P_133,22-06-2021,969.55,Delivered
11152,Cust_805,Res_101,P_100,07-08-2024,943.21,Delivered
11153,Cust_184,Res_032,P_16,06-04-2022,787.06,Delivered
11154,Cust_738,Res_021,P_26,14-12-2025,808.12,Delivered
11155,Cust_640,Res_081,P_72,14-09-2025,819.9,Delivered
11156,Cust_756,Res_032,P_74,15-01-2025,659.23,Delivered
11157,Cust_010,Res_011,P_73,25-09-2025,731.41,Cancelled
11158,Cust_012,Res_040,P_111,14-09-2023,1185.73,Delivered
11159,Cust_416,Res_089,P_75,08-05-2022,918.91,Delivered
11160,Cust_286,Res_097,P_124,22-05-2022,965.79,Delivered
11161,Cust_555,Res_032,P_86,17-11-2024,1066.09,Delivered
11162,Cust_100,Res_049,P_100,03-12-2021,376.42,Cancelled
11163,Cust_007,Res_102,P_150,26-05-2023,237.99,Cancelled
11164,Cust_763,Res_086,P_38,14-06-2022,657.04,Delivered
11165,Cust_612,Res_070,P_84,12-11-2023,689.78,Delivered
11166,Cust_338,Res_050,P_138,24-05-2021,1020.64,Delivered
11167,Cust_238,Res_101,P_51,11-02-2024,615.97,Delivered
11168,Cust_724,Res_022,P_11,08-01-2024,749.4,Delivered
11169,Cust_558,Res_060,P_10,16-08-2021,703.42,Delivered
11170,Cust_625,Res_066,P_34,07-12-2021,190.11,Delivered
11171,Cust_348,Res_077,P_95,07-12-2023,795.98,Delivered
11172,Cust_085,Res_068,P_89,01-03-2025,1019.45,Delivered
11173,Cust_569,Res_104,P_136,25-10-2023,315.38,Delivered
11174,Cust_659,Res_072,P_29,26-09-2025,774.05,Delivered
11175,Cust_766,Res_096,P_61,11-04-2024,773.29,Cancelled
11176,Cust_277,Res_073,P_87,26-05-2025,322.39,Delivered
11177,Cust_136,Res_004,P_131,04-08-2021,279.64,Delivered
11178,Cust_618,Res_119,P_21,04-05-2021,1179.05,Cancelled
11179,Cust_162,Res_105,P_37,20-01-2022,563.41,Cancelled
11180,Cust_407,Res_032,P_62,07-01-2022,388.79,Delivered
11181,Cust_184,Res_013,P_55,03-12-2024,329.89,Delivered
11182,Cust_416,Res_059,P_41,21-12-2023,850.98,Delivered
11183,Cust_091,Res_036,P_20,09-10-2024,789.92,Delivered
11184,Cust_156,Res_009,P_147,26-12-2025,825.73,Delivered
11185,Cust_501,Res_078,P_15,12-05-2022,242.41,Cancelled
11186,Cust_533,Res_044,P_34,04-03-2021,1088.21,Delivered
11187,Cust_543,Res_050,P_02,12-04-2023,558.73,Delivered
11188,Cust_106,Res_071,P_44,08-01-2021,479.04,Delivered
11189,Cust_069,Res_036,P_38,07-11-2021,635.48,Delivered
11190,Cust_124,Res_028,P_126,10-06-2025,559.57,Delivered
11191,Cust_312,Res_078,P_149,12-09-2021,1056.76,Delivered
11192,Cust_040,Res_048,P_47,15-03-2024,1125.72,Delivered
11193,Cust_317,Res_002,P_02,23-07-2021,468.63,Delivered
11194,Cust_624,Res_018,P_92,06-05-2024,1057.13,Delivered
11195,Cust_080,Res_040,P_146,14-12-2023,970.6,Delivered
11196,Cust_379,Res_027,P_91,23-09-2022,1127.35,Cancelled
11197,Cust_424,Res_003,P_46,08-12-2021,408.04,Delivered
11198,Cust_743,Res_066,P_105,22-10-2023,755.81,Refunded
11199,Cust_246,Res_003,P_42,07-05-2025,438.27,Delivered
11200,Cust_446,Res_095,P_133,19-10-2025,1015.3,Delivered
11201,Cust_016,Res_096,P_72,09-11-2025,155.59,Delivered
11202,Cust_515,Res_050,P_02,06-04-2024,743.06,Delivered
11203,Cust_107,Res_011,P_75,04-07-2025,659.23,Cancelled
11204,Cust_294,Res_110,P_142,25-04-2024,488.82,Cancelled
11205,Cust_602,Res_014,P_103,08-05-2022,827.15,Delivered
11206,Cust_163,Res_111,P_124,02-12-2025,1044.06,Delivered
11207,Cust_389,Res_117,P_27,26-11-2022,789.66,Delivered
11208,Cust_529,Res_100,P_146,22-06-2023,1045.83,Cancelled
11209,Cust_689,Res_074,P_48,05-09-2021,427.83,Delivered
11210,Cust_281,Res_019,P_60,18-07-2025,695.48,Delivered
11211,Cust_155,Res_086,P_85,24-01-2025,623.06,Delivered
11212,Cust_214,Res_038,P_65,09-09-2024,162.23,Delivered
11213,Cust_394,Res_077,P_35,14-08-2021,734.65,Cancelled
11214,Cust_150,Res_077,P_133,03-04-2023,844.6,Delivered
11215,Cust_810,Res_110,P_99,02-09-2021,771.51,Delivered
11216,Cust_435,Res_094,P_10,17-09-2021,923.09,Delivered
11217,Cust_142,Res_099,P_21,08-09-2023,749.91,Delivered
11218,Cust_645,Res_046,P_105,27-06-2021,220.09,Delivered
11219,Cust_493,Res_024,P_37,15-05-2025,272.27,Delivered
11220,Cust_224,Res_043,P_110,18-12-2023,776.3,Cancelled
11221,Cust_203,Res_087,P_35,22-02-2022,438.73,Delivered
11222,Cust_641,Res_074,P_131,01-12-2023,233.63,Delivered
11223,Cust_205,Res_111,P_136,01-06-2023,601.08,Delivered
11224,Cust_261,Res_057,P_87,11-07-2024,659.23,Delivered
11225,Cust_545,Res_037,P_20,08-01-2024,659.23,Cancelled
11226,Cust_372,Res_095,P_60,27-05-2021,906.46,Delivered
11227,Cust_372,Res_008,P_06,16-02-2023,825.96,Delivered
11228,Cust_568,Res_019,P_131,20-08-2021,499.46,Delivered
11229,Cust_463,Res_099,P_91,17-02-2023,942.62,Delivered
11230,Cust_067,Res_099,P_39,03-12-2023,831.13,Delivered
11231,Cust_633,Res_116,P_138,09-06-2022,819.32,Cancelled
11232,Cust_007,Res_081,P_118,07-11-2024,731.1,Delivered
11233,Cust_472,Res_076,P_52,01-05-2021,161.96,Delivered
11234,Cust_535,Res_007,P_119,17-01-2024,881.33,Delivered
11235,Cust_735,Res_003,P_24,27-02-2021,544.84,Delivered
11236,Cust_352,Res_029,P_121,14-06-2022,1139.74,Delivered
11237,Cust_161,Res_027,P_58,27-10-2024,1008.88,Cancelled
11238,Cust_686,Res_109,P_45,08-03-2024,767.08,Delivered
11239,Cust_389,Res_085,P_08,05-03-2023,414.79,Delivered
11240,Cust_145,Res_013,P_64,28-09-2022,363.9,Delivered
11241,Cust_809,Res_020,P_54,20-12-2023,507.4,Cancelled
11242,Cust_019,Res_078,P_114,06-11-2025,650.4,Delivered
11243,Cust_647,Res_052,P_123,09-10-2025,460.87,Cancelled
11244,Cust_026,Res_063,P_139,17-09-2022,690.68,Delivered
11245,Cust_795,Res_074,P_24,03-11-2024,323.64,Cancelled
11246,Cust_755,Res_009,P_140,09-09-2025,1176.6,Delivered
11247,Cust_225,Res_033,P_74,03-11-2024,263.32,Delivered
11248,Cust_645,Res_055,P_94,27-09-2025,1128.54,Delivered
11249,Cust_069,Res_093,P_133,07-07-2024,1109.26,Delivered
11250,Cust_331,Res_031,P_100,24-02-2022,701.63,Delivered
11251,Cust_130,Res_035,P_109,02-06-2025,911.16,Delivered
11252,Cust_241,Res_103,P_54,28-02-2025,607.85,Delivered
11253,Cust_111,Res_078,P_52,04-06-2025,811.54,Delivered
11254,Cust_780,Res_098,P_87,07-09-2021,507.6,Cancelled
11255,Cust_091,Res_029,P_98,24-05-2021,466.22,Delivered
11256,Cust_434,Res_053,P_113,23-05-2023,757.14,Cancelled
11257,Cust_190,Res_087,P_135,12-08-2021,673.04,Delivered
11258,Cust_169,Res_095,P_45,04-06-2021,758.51,Delivered
11259,Cust_153,Res_101,P_118,02-11-2021,450.99,Delivered
11260,Cust_736,Res_120,P_116,27-02-2023,535.31,Delivered
11261,Cust_787,Res_060,P_118,09-04-2023,238.09,Refunded
11262,Cust_077,Res_066,P_145,22-04-2021,204.89,Delivered
11263,Cust_061,Res_107,P_05,19-07-2021,416.13,Cancelled
11264,Cust_208,Res_085,P_18,24-02-2021,227.96,Cancelled
11265,Cust_066,Res_025,P_138,04-10-2024,258.96,Delivered
11266,Cust_463,Res_078,P_28,20-12-2021,1003.57,Cancelled
11267,Cust_753,Res_011,P_27,17-12-2022,659.23,Delivered
11268,Cust_364,Res_081,P_69,11-02-2021,841.89,Refunded
11269,Cust_039,Res_039,P_77,05-10-2021,436.19,Delivered
11270,Cust_152,Res_005,P_65,02-08-2025,1065.12,Delivered
11271,Cust_272,Res_056,P_112,21-09-2021,659.24,Cancelled
11272,Cust_786,Res_074,P_59,06-02-2022,470.86,Delivered
11273,Cust_378,Res_090,P_37,01-10-2025,693.52,Delivered
11274,Cust_809,Res_046,P_25,20-06-2023,551.06,Delivered
11275,Cust_321,Res_100,P_70,08-06-2024,742.52,Delivered
11276,Cust_752,Res_113,P_03,09-05-2022,270.26,Delivered
11277,Cust_353,Res_014,P_34,10-08-2021,1196.84,Cancelled
11278,Cust_635,Res_063,P_23,23-06-2022,596.83,Delivered
11279,Cust_045,Res_043,P_33,07-01-2021,515.64,Delivered
11280,Cust_286,Res_034,P_03,28-11-2025,895.72,Delivered
11281,Cust_135,Res_046,P_44,01-07-2022,532.09,Delivered
11282,Cust_564,Res_102,P_12,25-12-2025,659.23,Delivered
11283,Cust_179,Res_091,P_36,28-09-2021,626.98,Delivered
11284,Cust_058,Res_008,P_148,21-08-2021,905.54,Cancelled
11285,Cust_393,Res_005,P_61,15-12-2022,262.83,Delivered
11286,Cust_759,Res_087,P_25,04-08-2021,1038.43,Delivered
11287,Cust_169,Res_093,P_84,16-12-2022,922.5,Cancelled
11288,Cust_588,Res_077,P_83,14-05-2021,372.3,Delivered
11289,Cust_268,Res_029,P_23,03-04-2021,302.55,Delivered
11290,Cust_630,Res_026,P_45,20-09-2023,482.11,Delivered
11291,Cust_074,Res_004,P_49,19-01-2022,1174.87,Cancelled
11292,Cust_054,Res_058,P_91,17-05-2025,419.67,Delivered
11293,Cust_520,Res_097,P_68,09-01-2024,628.93,Delivered
11294,Cust_434,Res_091,P_70,13-02-2021,181.52,Delivered
11295,Cust_188,Res_018,P_55,25-09-2025,567.09,Delivered
11296,Cust_669,Res_103,P_67,13-11-2022,659.23,Delivered
11297,Cust_763,Res_008,P_04,23-01-2022,1150.78,Delivered
11298,Cust_127,Res_052,P_125,01-05-2025,692.57,Delivered
11299,Cust_389,Res_057,P_148,20-12-2025,1010.06,Delivered
11300,Cust_664,Res_016,P_16,07-03-2023,724.48,Delivered
11301,Cust_158,Res_119,P_72,05-12-2025,192.82,Delivered
11302,Cust_656,Res_076,P_131,18-07-2021,480.76,Cancelled
11303,Cust_259,Res_090,P_105,10-10-2024,754.33,Refunded
11304,Cust_509,Res_023,P_03,07-02-2021,1148.12,Delivered
11305,Cust_310,Res_103,P_37,14-03-2021,1052.09,Delivered
11306,Cust_739,Res_065,P_141,22-08-2023,389.77,Cancelled
11307,Cust_385,Res_029,P_114,01-06-2021,381.12,Delivered
11308,Cust_059,Res_064,P_16,27-01-2022,361.23,Delivered
11309,Cust_505,Res_004,P_17,21-10-2022,1118.62,Delivered
11310,Cust_606,Res_076,P_118,05-07-2021,1045.3,Delivered
11311,Cust_505,Res_047,P_40,19-08-2025,963.63,Cancelled
11312,Cust_231,Res_048,P_54,25-12-2024,562.37,Cancelled
11313,Cust_122,Res_112,P_126,18-05-2021,679.6,Delivered
11314,Cust_421,Res_022,P_133,13-07-2024,637.55,Delivered
11315,Cust_075,Res_023,P_107,07-10-2023,416.07,Delivered
11316,Cust_514,Res_003,P_02,22-06-2022,680.28,Delivered
11317,Cust_706,Res_074,P_89,22-11-2025,182.02,Delivered
11318,Cust_109,Res_065,P_39,01-03-2023,288.4,Delivered
11319,Cust_012,Res_071,P_11,14-02-2022,1080.92,Delivered
11320,Cust_616,Res_051,P_149,04-11-2025,939.26,Cancelled
11321,Cust_284,Res_072,P_10,26-02-2022,594.01,Delivered
11322,Cust_267,Res_058,P_123,28-04-2021,693.01,Delivered
11323,Cust_478,Res_071,P_79,12-06-2024,538.5,Delivered
11324,Cust_573,Res_011,P_141,21-05-2022,927.82,Delivered
11325,Cust_001,Res_106,P_42,12-01-2023,973.4,Delivered
11326,Cust_430,Res_050,P_65,01-05-2021,951.45,Delivered
11327,Cust_607,Res_028,P_118,16-11-2021,908.74,Delivered
11328,Cust_185,Res_011,P_02,10-08-2023,364.73,Cancelled
11329,Cust_772,Res_076,P_55,09-02-2025,504.87,Refunded
11330,Cust_621,Res_036,P_87,03-10-2021,643.34,Delivered
11331,Cust_515,Res_067,P_78,07-03-2021,497.33,Delivered
11332,Cust_544,Res_100,P_134,10-08-2023,942.69,Delivered
11333,Cust_307,Res_012,P_45,08-08-2021,659.23,Delivered
11334,Cust_407,Res_036,P_30,19-12-2022,295.14,Delivered
11335,Cust_764,Res_072,P_93,17-06-2025,568.99,Cancelled
11336,Cust_791,Res_002,P_64,25-07-2025,1178.91,Delivered
11337,Cust_248,Res_115,P_123,26-11-2021,387.18,Delivered
11338,Cust_045,Res_113,P_110,09-01-2024,792.77,Delivered
11339,Cust_414,Res_021,P_79,11-08-2024,604.62,Refunded
11340,Cust_037,Res_088,P_150,18-06-2022,224.58,Delivered
11341,Cust_437,Res_015,P_43,21-01-2021,662.27,Delivered
11342,Cust_175,Res_109,P_57,19-03-2022,887.27,Delivered
11343,Cust_189,Res_036,P_92,27-07-2024,688.88,Delivered
11344,Cust_327,Res_074,P_81,11-08-2024,1065.71,Delivered
11345,Cust_141,Res_030,P_14,27-07-2024,453.38,Delivered
11346,Cust_223,Res_033,P_14,16-12-2025,240.56,Cancelled
11347,Cust_641,Res_039,P_149,26-10-2021,1133.39,Delivered
11348,Cust_245,Res_111,P_56,21-05-2024,547.11,Refunded
11349,Cust_394,Res_092,P_82,26-12-2021,755.23,Delivered
11350,Cust_115,Res_080,P_86,12-03-2022,981.6,Cancelled
11351,Cust_782,Res_084,P_31,27-07-2024,490.53,Delivered
11352,Cust_689,Res_011,P_61,06-02-2025,901.97,Delivered
11353,Cust_613,Res_117,P_78,26-02-2023,292.19,Delivered
11354,Cust_449,Res_001,P_13,02-01-2025,455.86,Delivered
11355,Cust_104,Res_041,P_115,10-10-2025,301.95,Delivered
11356,Cust_214,Res_017,P_31,28-02-2025,1001.79,Delivered
11357,Cust_221,Res_044,P_31,21-08-2025,383.78,Delivered
11358,Cust_384,Res_051,P_93,22-03-2024,903.27,Delivered
11359,Cust_473,Res_020,P_133,11-11-2025,1140.46,Delivered
11360,Cust_747,Res_084,P_72,28-01-2021,704.16,Delivered
11361,Cust_137,Res_036,P_120,01-06-2024,717.03,Delivered
11362,Cust_125,Res_097,P_91,28-09-2023,634.09,Delivered
11363,Cust_482,Res_095,P_29,11-12-2024,492.18,Delivered
11364,Cust_097,Res_045,P_136,16-06-2025,649.44,Cancelled
11365,Cust_459,Res_042,P_97,28-11-2024,782.95,Cancelled
11366,Cust_409,Res_041,P_110,11-10-2024,1185.29,Delivered
11367,Cust_346,Res_015,P_03,15-08-2023,1134.65,Delivered
11368,Cust_111,Res_115,P_80,19-10-2021,1055.26,Delivered
11369,Cust_486,Res_080,P_66,08-10-2025,1083.59,Delivered
11370,Cust_797,Res_049,P_09,02-03-2024,641.24,Delivered
11371,Cust_506,Res_039,P_96,26-03-2025,840.32,Delivered
11372,Cust_669,Res_027,P_149,27-12-2022,1089.82,Delivered
11373,Cust_177,Res_095,P_150,17-01-2023,562.6,Delivered
11374,Cust_586,Res_057,P_36,06-06-2021,1159.85,Delivered
11375,Cust_212,Res_040,P_37,09-06-2022,586.58,Cancelled
11376,Cust_408,Res_016,P_25,15-08-2023,781.14,Delivered
11377,Cust_202,Res_022,P_89,03-12-2021,895.29,Delivered
11378,Cust_135,Res_112,P_125,21-04-2022,659.23,Cancelled
11379,Cust_075,Res_081,P_91,22-03-2024,406.85,Delivered
11380,Cust_045,Res_019,P_71,08-12-2023,933.44,Delivered
11381,Cust_659,Res_036,P_117,17-11-2025,696.86,Delivered
11382,Cust_245,Res_050,P_108,23-12-2022,431.98,Delivered
11383,Cust_296,Res_026,P_81,27-03-2021,965.44,Delivered
11384,Cust_257,Res_094,P_62,04-08-2024,729.83,Delivered
11385,Cust_714,Res_120,P_133,21-02-2021,844.02,Delivered
11386,Cust_016,Res_112,P_121,16-08-2023,489.05,Cancelled
11387,Cust_809,Res_061,P_19,02-02-2024,655.34,Delivered
11388,Cust_639,Res_084,P_14,12-09-2023,798.22,Refunded
11389,Cust_201,Res_013,P_105,17-07-2024,575.16,Delivered
11390,Cust_239,Res_035,P_74,22-10-2023,358.29,Cancelled
11391,Cust_542,Res_111,P_91,28-03-2025,1159.72,Delivered
11392,Cust_015,Res_052,P_142,05-03-2023,687.04,Delivered
11393,Cust_343,Res_101,P_78,24-06-2023,920.62,Delivered
11394,Cust_247,Res_090,P_133,08-08-2022,581.6,Delivered
11395,Cust_611,Res_030,P_69,25-10-2023,522.89,Delivered
11396,Cust_482,Res_047,P_42,28-12-2022,577.52,Delivered
11397,Cust_277,Res_069,P_35,07-03-2025,579.66,Cancelled
11398,Cust_081,Res_074,P_14,28-08-2021,721.39,Cancelled
11399,Cust_418,Res_101,P_63,14-06-2025,720.64,Delivered
11400,Cust_669,Res_117,P_148,27-10-2023,672.01,Delivered
11401,Cust_598,Res_080,P_104,17-02-2021,291.53,Delivered
11402,Cust_309,Res_078,P_150,11-05-2025,670.88,Delivered
11403,Cust_800,Res_014,P_55,14-02-2025,327.56,Cancelled
11404,Cust_725,Res_005,P_20,03-03-2022,282.44,Delivered
11405,Cust_542,Res_073,P_29,13-07-2022,1129.28,Cancelled
11406,Cust_169,Res_027,P_14,26-01-2022,785.2,Delivered
11407,Cust_105,Res_006,P_13,11-06-2022,659.23,Delivered
11408,Cust_252,Res_076,P_08,09-03-2025,571.88,Delivered
11409,Cust_189,Res_088,P_106,25-11-2023,1104.43,Delivered
11410,Cust_531,Res_106,P_55,26-06-2022,819.83,Delivered
11411,Cust_073,Res_042,P_93,09-05-2022,957.63,Cancelled
11412,Cust_146,Res_065,P_87,23-05-2023,536.99,Delivered
11413,Cust_477,Res_081,P_71,13-02-2022,1158.01,Delivered
11414,Cust_488,Res_009,P_100,01-05-2021,1011.48,Delivered
11415,Cust_519,Res_092,P_70,08-09-2023,1046.65,Delivered
11416,Cust_036,Res_076,P_83,07-05-2023,330.8,Delivered
11417,Cust_709,Res_040,P_134,19-12-2022,434.51,Delivered
11418,Cust_797,Res_079,P_138,09-12-2021,449.91,Delivered
11419,Cust_803,Res_020,P_03,28-05-2024,434.45,Cancelled
11420,Cust_400,Res_030,P_18,10-11-2025,1048.18,Delivered
11421,Cust_736,Res_019,P_31,05-04-2022,183.48,Cancelled
11422,Cust_497,Res_113,P_62,06-02-2021,229.9,Delivered
11423,Cust_042,Res_075,P_147,21-05-2022,437.61,Cancelled
11424,Cust_338,Res_101,P_106,16-07-2023,359.87,Delivered
11425,Cust_735,Res_026,P_148,18-04-2022,393.45,Delivered
11426,Cust_430,Res_080,P_69,13-12-2023,987.84,Refunded
11427,Cust_739,Res_037,P_87,08-07-2021,741.28,Delivered
11428,Cust_737,Res_032,P_95,11-10-2025,156.06,Delivered
11429,Cust_150,Res_033,P_48,17-06-2022,600.79,Delivered
11430,Cust_233,Res_103,P_36,02-05-2024,578.28,Cancelled
11431,Cust_687,Res_103,P_81,17-04-2021,269.64,Delivered
11432,Cust_230,Res_062,P_22,22-02-2022,859.95,Delivered
11433,Cust_097,Res_018,P_06,03-12-2021,887.2,Delivered
11434,Cust_380,Res_045,P_140,21-09-2022,906.94,Refunded
11435,Cust_690,Res_005,P_108,22-05-2024,914.89,Delivered
11436,Cust_714,Res_025,P_135,28-03-2023,150.06,Delivered
11437,Cust_698,Res_022,P_109,02-05-2023,1151.62,Delivered
11438,Cust_251,Res_086,P_75,27-06-2022,1004.92,Delivered
11439,Cust_172,Res_070,P_97,22-03-2025,1099.18,Delivered
11440,Cust_101,Res_076,P_37,23-03-2025,166.43,Delivered
11441,Cust_477,Res_109,P_61,24-10-2025,1130.55,Delivered
11442,Cust_622,Res_046,P_01,28-05-2023,1000.28,Delivered
11443,Cust_138,Res_041,P_09,02-04-2024,1029.08,Delivered
11444,Cust_586,Res_102,P_37,20-04-2024,247.95,Delivered
11445,Cust_719,Res_024,P_96,26-09-2022,925.72,Cancelled
11446,Cust_149,Res_059,P_139,06-10-2023,1157.91,Delivered
11447,Cust_184,Res_041,P_135,27-01-2023,862.47,Delivered
11448,Cust_010,Res_036,P_134,18-11-2022,749.09,Cancelled
11449,Cust_561,Res_019,P_90,25-11-2021,1142.91,Delivered
11450,Cust_764,Res_017,P_07,25-06-2022,615.08,Delivered
11451,Cust_680,Res_086,P_72,19-01-2022,779.26,Delivered
11452,Cust_276,Res_008,P_72,12-07-2022,650.16,Delivered
11453,Cust_773,Res_024,P_22,13-10-2024,1129.49,Cancelled
11454,Cust_701,Res_056,P_56,01-12-2022,229.89,Cancelled
11455,Cust_090,Res_021,P_65,07-12-2023,676.18,Delivered
11456,Cust_654,Res_116,P_32,12-01-2024,871.3,Delivered
11457,Cust_333,Res_057,P_134,02-08-2022,981.5,Delivered
11458,Cust_062,Res_026,P_105,28-12-2022,762.17,Delivered
11459,Cust_679,Res_116,P_97,18-01-2021,1104.36,Delivered
11460,Cust_089,Res_064,P_57,15-05-2022,1139.09,Delivered
11461,Cust_741,Res_060,P_02,07-02-2021,217.54,Delivered
11462,Cust_322,Res_049,P_126,13-02-2021,572.49,Delivered
11463,Cust_573,Res_042,P_69,25-09-2024,174.63,Cancelled
11464,Cust_228,Res_078,P_33,17-01-2021,495.89,Delivered
11465,Cust_279,Res_010,P_47,09-11-2024,713.71,Delivered
11466,Cust_641,Res_071,P_130,22-06-2024,1106.33,Delivered
11467,Cust_133,Res_034,P_128,18-09-2023,1038.88,Delivered
11468,Cust_763,Res_010,P_149,06-03-2024,283.87,Delivered
11469,Cust_271,Res_101,P_36,21-03-2025,247.68,Delivered
11470,Cust_357,Res_017,P_69,01-10-2022,768.73,Delivered
11471,Cust_756,Res_014,P_121,09-06-2021,708.72,Delivered
11472,Cust_073,Res_112,P_73,22-05-2022,429.7,Cancelled
11473,Cust_464,Res_076,P_39,14-11-2021,1094.43,Delivered
11474,Cust_453,Res_004,P_104,12-01-2022,1123.73,Delivered
11475,Cust_484,Res_027,P_10,06-01-2024,572.74,Delivered
11476,Cust_668,Res_030,P_141,18-06-2024,1084.82,Cancelled
11477,Cust_616,Res_058,P_140,19-07-2024,553.15,Delivered
11478,Cust_295,Res_116,P_119,15-09-2025,923.66,Delivered
11479,Cust_004,Res_038,P_42,15-04-2024,649.74,Delivered
11480,Cust_752,Res_036,P_127,19-06-2021,278.71,Delivered
11481,Cust_610,Res_093,P_55,06-08-2021,1124.33,Delivered
11482,Cust_477,Res_021,P_125,27-04-2021,626.8,Delivered
11483,Cust_749,Res_085,P_08,04-11-2022,921.21,Delivered
11484,Cust_072,Res_022,P_118,11-11-2025,535.53,Delivered
11485,Cust_023,Res_010,P_04,17-09-2022,169.82,Delivered
11486,Cust_597,Res_018,P_34,26-01-2023,255.56,Cancelled
11487,Cust_390,Res_042,P_21,08-10-2023,671.03,Delivered
11488,Cust_086,Res_114,P_60,21-10-2023,874.46,Delivered
11489,Cust_171,Res_091,P_32,25-10-2023,501.47,Delivered
11490,Cust_044,Res_023,P_24,17-08-2022,880.26,Cancelled
11491,Cust_039,Res_094,P_101,13-02-2021,883.57,Delivered
11492,Cust_364,Res_039,P_46,23-02-2022,889.13,Delivered
11493,Cust_244,Res_023,P_86,11-08-2025,667.15,Delivered
11494,Cust_527,Res_098,P_51,17-03-2023,1110.63,Delivered
11495,Cust_073,Res_012,P_97,20-08-2023,663.66,Delivered
11496,Cust_202,Res_038,P_85,01-11-2023,622.78,Delivered
11497,Cust_268,Res_039,P_134,25-02-2025,359.35,Delivered
11498,Cust_498,Res_076,P_142,19-11-2022,473.04,Cancelled
11499,Cust_004,Res_111,P_117,06-12-2025,194.45,Delivered
11500,Cust_294,Res_059,P_45,21-07-2024,815.21,Delivered
11501,Cust_498,Res_033,P_63,14-12-2024,410.96,Cancelled
11502,Cust_694,Res_005,P_27,01-01-2021,469.36,Cancelled
11503,Cust_159,Res_078,P_10,14-04-2025,959.36,Delivered
11504,Cust_397,Res_114,P_33,23-12-2024,493.58,Refunded
11505,Cust_609,Res_005,P_129,23-06-2021,404.31,Delivered
11506,Cust_188,Res_077,P_03,08-04-2024,327.51,Delivered
11507,Cust_470,Res_081,P_63,27-04-2025,963.6,Cancelled
11508,Cust_410,Res_059,P_38,05-11-2021,286.19,Delivered
11509,Cust_271,Res_018,P_150,04-02-2022,626.44,Delivered
11510,Cust_360,Res_073,P_149,09-06-2021,682.28,Delivered
11511,Cust_796,Res_067,P_81,24-09-2025,871.76,Delivered
11512,Cust_415,Res_111,P_87,19-06-2023,814.95,Delivered
11513,Cust_638,Res_026,P_132,02-12-2021,1001.26,Delivered
11514,Cust_018,Res_114,P_107,21-03-2021,196.99,Cancelled
11515,Cust_646,Res_050,P_107,01-04-2024,461.26,Delivered
11516,Cust_132,Res_100,P_66,18-06-2025,444.14,Delivered
11517,Cust_342,Res_024,P_15,14-01-2023,303.32,Cancelled
11518,Cust_031,Res_064,P_74,01-11-2025,453.64,Delivered
11519,Cust_344,Res_025,P_45,10-09-2022,475.25,Delivered
11520,Cust_412,Res_036,P_76,01-05-2024,697.98,Delivered
11521,Cust_379,Res_056,P_67,16-11-2023,846.89,Delivered
11522,Cust_546,Res_073,P_12,25-09-2021,550.16,Delivered
11523,Cust_737,Res_115,P_61,24-06-2023,905.44,Delivered
11524,Cust_559,Res_061,P_37,09-07-2023,502.97,Delivered
11525,Cust_692,Res_037,P_79,04-02-2023,454.8,Delivered
11526,Cust_077,Res_002,P_142,10-11-2021,718.25,Delivered
11527,Cust_509,Res_101,P_106,27-10-2022,174.9,Cancelled
11528,Cust_164,Res_078,P_72,04-12-2021,233.78,Delivered
11529,Cust_514,Res_063,P_134,11-08-2023,588.87,Delivered
11530,Cust_777,Res_024,P_116,16-03-2021,1140.06,Delivered
11531,Cust_625,Res_108,P_61,01-08-2025,907.59,Refunded
11532,Cust_015,Res_094,P_42,09-04-2025,242.53,Delivered
11533,Cust_631,Res_059,P_36,04-07-2025,1038.63,Cancelled
11534,Cust_611,Res_075,P_97,13-09-2024,918.92,Delivered
11535,Cust_245,Res_064,P_11,25-04-2023,791.49,Cancelled
11536,Cust_484,Res_044,P_136,26-08-2021,1011.31,Delivered
11537,Cust_169,Res_050,P_142,19-02-2022,574.32,Delivered
11538,Cust_114,Res_066,P_13,10-11-2021,382.58,Delivered
11539,Cust_644,Res_092,P_150,07-02-2023,687.62,Delivered
11540,Cust_711,Res_019,P_65,27-04-2021,726.28,Delivered
11541,Cust_268,Res_051,P_83,24-03-2025,715.24,Delivered
11542,Cust_415,Res_049,P_68,06-09-2023,743.33,Delivered
11543,Cust_496,Res_035,P_05,13-01-2025,1146.14,Delivered
11544,Cust_341,Res_058,P_34,13-12-2022,1097.36,Delivered
11545,Cust_268,Res_087,P_147,18-04-2025,1069.5,Delivered
11546,Cust_717,Res_025,P_25,17-11-2022,659.23,Delivered
11547,Cust_450,Res_100,P_38,27-04-2023,1140.6,Delivered
11548,Cust_795,Res_038,P_09,28-02-2023,253.42,Delivered
11549,Cust_027,Res_036,P_113,25-02-2022,428.38,Delivered
11550,Cust_203,Res_075,P_138,02-02-2022,659.23,Delivered
11551,Cust_008,Res_029,P_35,20-06-2025,1038.86,Delivered
11552,Cust_629,Res_093,P_50,12-01-2021,680.42,Delivered
11553,Cust_675,Res_022,P_105,28-11-2022,935.44,Delivered
11554,Cust_296,Res_033,P_107,15-12-2021,295.91,Delivered
11555,Cust_316,Res_021,P_58,21-03-2025,415.03,Refunded
11556,Cust_609,Res_061,P_93,24-12-2021,918.36,Delivered
11557,Cust_109,Res_046,P_130,27-04-2023,322.97,Delivered
11558,Cust_261,Res_102,P_128,09-03-2022,518.92,Delivered
11559,Cust_102,Res_095,P_39,22-10-2023,428.11,Delivered
11560,Cust_045,Res_031,P_74,24-06-2023,517.35,Delivered
11561,Cust_497,Res_027,P_113,08-05-2025,893.74,Delivered
11562,Cust_002,Res_116,P_92,08-06-2023,536.24,Refunded
11563,Cust_215,Res_071,P_29,02-12-2021,733.03,Cancelled
11564,Cust_263,Res_041,P_57,03-09-2025,254.93,Delivered
11565,Cust_113,Res_096,P_72,17-06-2023,995.27,Delivered
11566,Cust_012,Res_110,P_121,25-08-2022,538.38,Delivered
11567,Cust_583,Res_059,P_106,17-05-2023,830.96,Delivered
11568,Cust_046,Res_033,P_76,25-09-2021,911.66,Cancelled
11569,Cust_572,Res_002,P_60,20-12-2024,370.14,Delivered
11570,Cust_064,Res_074,P_115,27-05-2024,1078.91,Delivered
11571,Cust_584,Res_105,P_145,11-08-2022,797.04,Delivered
11572,Cust_330,Res_087,P_146,06-06-2023,600.16,Delivered
11573,Cust_005,Res_096,P_34,16-04-2023,341.45,Cancelled
11574,Cust_552,Res_108,P_105,18-06-2021,1139.42,Delivered
11575,Cust_597,Res_108,P_114,25-07-2023,942.82,Delivered
11576,Cust_539,Res_031,P_43,18-06-2024,368.43,Delivered
11577,Cust_569,Res_053,P_138,02-11-2022,504.6,Cancelled
11578,Cust_223,Res_082,P_30,03-10-2021,1000.16,Delivered
11579,Cust_526,Res_021,P_149,11-03-2023,880.46,Cancelled
11580,Cust_530,Res_008,P_63,25-11-2024,954.07,Delivered
11581,Cust_265,Res_108,P_23,10-01-2021,613.26,Cancelled
11582,Cust_050,Res_061,P_71,16-02-2024,902.3,Delivered
11583,Cust_048,Res_047,P_38,03-05-2022,555.82,Delivered
11584,Cust_078,Res_093,P_62,20-09-2022,371.83,Delivered
11585,Cust_656,Res_068,P_57,27-04-2023,814.31,Delivered
11586,Cust_385,Res_120,P_01,03-01-2022,1174.81,Delivered
11587,Cust_616,Res_087,P_78,06-06-2021,476.13,Cancelled
11588,Cust_609,Res_028,P_107,05-02-2024,634.02,Delivered
11589,Cust_221,Res_025,P_55,26-10-2025,857.7,Delivered
11590,Cust_494,Res_106,P_47,11-12-2025,718.58,Delivered
11591,Cust_010,Res_017,P_62,27-10-2025,1035.6,Delivered
11592,Cust_430,Res_078,P_105,02-01-2025,949.83,Cancelled
11593,Cust_708,Res_095,P_20,15-11-2023,659.23,Delivered
11594,Cust_600,Res_031,P_137,10-10-2021,1198.34,Refunded
11595,Cust_318,Res_113,P_48,09-09-2024,940.02,Cancelled
11596,Cust_747,Res_049,P_43,09-03-2024,1057.1,Delivered
11597,Cust_025,Res_001,P_64,24-02-2023,833.76,Delivered
11598,Cust_492,Res_064,P_59,16-03-2021,1049.1,Cancelled
11599,Cust_297,Res_035,P_57,16-07-2021,268,Delivered
11600,Cust_283,Res_069,P_145,10-03-2024,515.12,Delivered
11601,Cust_754,Res_014,P_76,17-09-2023,1070.24,Delivered
11602,Cust_360,Res_075,P_107,19-05-2023,361.74,Delivered
11603,Cust_007,Res_043,P_133,11-05-2023,232.15,Delivered
11604,Cust_214,Res_003,P_133,27-03-2021,977.52,Delivered
11605,Cust_178,Res_063,P_91,23-03-2021,1027.26,Delivered
11606,Cust_380,Res_008,P_126,23-12-2023,320.78,Cancelled
11607,Cust_722,Res_039,P_109,24-05-2022,1047.06,Delivered
11608,Cust_201,Res_008,P_149,08-01-2025,871.11,Delivered
11609,Cust_034,Res_008,P_126,08-01-2024,696.09,Delivered
11610,Cust_091,Res_018,P_18,12-11-2021,1021.76,Delivered
11611,Cust_669,Res_069,P_122,25-03-2021,590.21,Delivered
11612,Cust_230,Res_009,P_69,17-10-2022,353.69,Delivered
11613,Cust_432,Res_036,P_61,14-10-2021,449.1,Delivered
11614,Cust_670,Res_052,P_102,26-05-2025,680.42,Delivered
11615,Cust_195,Res_095,P_59,23-09-2023,707.9,Delivered
11616,Cust_639,Res_026,P_142,03-01-2022,995.86,Refunded
11617,Cust_504,Res_109,P_104,10-12-2024,980.92,Delivered
11618,Cust_142,Res_056,P_60,22-07-2024,760.43,Cancelled
11619,Cust_271,Res_076,P_18,07-02-2023,969.82,Cancelled
11620,Cust_242,Res_080,P_114,19-10-2024,351.36,Delivered
11621,Cust_661,Res_083,P_55,07-12-2023,202.57,Delivered
11622,Cust_035,Res_066,P_12,15-05-2025,1067.32,Delivered
11623,Cust_718,Res_070,P_42,18-02-2025,229.33,Cancelled
11624,Cust_555,Res_098,P_37,14-08-2021,409.02,Delivered
11625,Cust_352,Res_033,P_126,25-05-2023,880.08,Delivered
11626,Cust_763,Res_109,P_134,21-05-2022,579.92,Delivered
11627,Cust_748,Res_079,P_99,06-05-2025,1070.13,Delivered
11628,Cust_749,Res_077,P_115,27-10-2022,462.88,Delivered
11629,Cust_184,Res_007,P_49,06-12-2025,162.46,Delivered
11630,Cust_511,Res_013,P_78,11-01-2023,465.69,Delivered
11631,Cust_710,Res_081,P_78,07-06-2021,756.98,Delivered
11632,Cust_073,Res_112,P_08,22-11-2022,544.74,Delivered
11633,Cust_176,Res_017,P_99,05-12-2025,711.62,Delivered
11634,Cust_663,Res_024,P_77,28-10-2025,1070.43,Delivered
11635,Cust_166,Res_022,P_137,26-11-2021,1108.11,Delivered
11636,Cust_596,Res_079,P_93,16-10-2021,429.27,Cancelled
11637,Cust_677,Res_042,P_74,16-09-2022,635.25,Refunded
11638,Cust_396,Res_083,P_58,23-04-2022,726.6,Delivered
11639,Cust_051,Res_001,P_127,09-12-2021,1146.57,Delivered
11640,Cust_714,Res_057,P_41,11-09-2025,1198.55,Delivered
11641,Cust_529,Res_068,P_72,01-06-2022,397.18,Delivered
11642,Cust_417,Res_032,P_27,06-02-2022,913.33,Delivered
11643,Cust_777,Res_106,P_03,03-06-2021,546.93,Delivered
11644,Cust_748,Res_106,P_61,13-05-2022,158.51,Delivered
11645,Cust_058,Res_035,P_10,28-09-2025,159.72,Delivered
11646,Cust_347,Res_066,P_45,05-03-2022,633.59,Delivered
11647,Cust_462,Res_101,P_14,26-12-2021,662.75,Delivered
11648,Cust_551,Res_082,P_68,06-12-2023,173.7,Delivered
11649,Cust_633,Res_001,P_102,26-06-2023,871.27,Delivered
11650,Cust_016,Res_010,P_123,24-06-2021,458.7,Delivered
11651,Cust_544,Res_106,P_87,26-01-2025,737.89,Cancelled
11652,Cust_079,Res_105,P_88,27-06-2021,465.97,Delivered
11653,Cust_100,Res_106,P_33,28-05-2023,325.49,Cancelled
11654,Cust_093,Res_120,P_111,21-02-2021,577.53,Delivered
11655,Cust_553,Res_110,P_115,25-04-2023,393.89,Delivered
11656,Cust_225,Res_014,P_33,16-10-2022,711.54,Delivered
11657,Cust_745,Res_003,P_103,20-09-2025,358.77,Delivered
11658,Cust_142,Res_112,P_84,12-01-2024,683.83,Delivered
11659,Cust_130,Res_101,P_92,11-02-2024,315.25,Delivered
11660,Cust_668,Res_020,P_67,16-09-2022,854.52,Delivered
11661,Cust_238,Res_092,P_58,17-04-2024,941.63,Delivered
11662,Cust_499,Res_109,P_05,28-10-2021,265.91,Delivered
11663,Cust_598,Res_096,P_86,26-08-2024,641.19,Delivered
11664,Cust_279,Res_069,P_134,22-07-2022,224.42,Delivered
11665,Cust_564,Res_072,P_95,02-11-2024,659.23,Cancelled
11666,Cust_292,Res_045,P_101,23-09-2025,427.62,Delivered
11667,Cust_132,Res_053,P_131,19-09-2021,704.01,Delivered
11668,Cust_793,Res_056,P_42,20-08-2024,693.33,Delivered
11669,Cust_035,Res_033,P_11,15-11-2023,1120.57,Delivered
11670,Cust_756,Res_110,P_145,12-07-2021,726.54,Delivered
11671,Cust_448,Res_047,P_78,16-06-2024,762.15,Cancelled
11672,Cust_423,Res_113,P_91,15-02-2025,571.74,Delivered
11673,Cust_298,Res_005,P_131,09-05-2023,1146.53,Cancelled
11674,Cust_155,Res_051,P_148,14-12-2021,966.05,Delivered
11675,Cust_723,Res_001,P_76,18-03-2023,449.68,Delivered
11676,Cust_054,Res_080,P_26,13-04-2022,1036.42,Delivered
11677,Cust_344,Res_057,P_48,23-09-2025,604.02,Delivered
11678,Cust_661,Res_072,P_73,11-12-2021,1020.1,Delivered
11679,Cust_113,Res_051,P_135,08-11-2024,1014.03,Delivered
11680,Cust_364,Res_112,P_04,01-03-2021,348.31,Delivered
11681,Cust_412,Res_111,P_97,12-12-2021,886.2,Refunded
11682,Cust_310,Res_046,P_136,19-11-2025,455.18,Delivered
11683,Cust_106,Res_094,P_140,23-02-2024,462.37,Cancelled
11684,Cust_049,Res_009,P_53,26-08-2024,461.17,Delivered
11685,Cust_318,Res_117,P_45,06-02-2025,911.85,Delivered
11686,Cust_298,Res_059,P_35,18-08-2021,391.32,Cancelled
11687,Cust_206,Res_057,P_85,15-01-2024,150.95,Cancelled
11688,Cust_058,Res_115,P_54,28-12-2023,901,Delivered
11689,Cust_471,Res_064,P_72,12-11-2021,329.74,Delivered
11690,Cust_767,Res_085,P_25,26-08-2024,259.71,Delivered
11691,Cust_231,Res_091,P_78,06-12-2025,399.39,Delivered
11692,Cust_665,Res_063,P_112,24-01-2024,548.9,Delivered
11693,Cust_217,Res_120,P_105,04-01-2024,649.7,Delivered
11694,Cust_640,Res_020,P_26,11-10-2023,196.8,Cancelled
11695,Cust_473,Res_001,P_64,16-11-2023,1169.1,Cancelled
11696,Cust_584,Res_088,P_131,06-07-2024,901.87,Delivered
11697,Cust_472,Res_110,P_99,17-12-2023,659.23,Delivered
11698,Cust_570,Res_059,P_147,13-03-2025,484.63,Cancelled
11699,Cust_171,Res_119,P_142,16-02-2021,620.97,Delivered
11700,Cust_791,Res_070,P_123,25-12-2021,807.56,Delivered
11701,Cust_456,Res_116,P_97,04-03-2024,303.69,Delivered
11702,Cust_798,Res_114,P_69,12-05-2022,348.38,Delivered
11703,Cust_145,Res_108,P_150,20-02-2021,1052.41,Refunded
11704,Cust_652,Res_093,P_141,20-02-2025,419.07,Delivered
11705,Cust_437,Res_037,P_01,18-09-2024,549.2,Delivered
11706,Cust_071,Res_043,P_125,11-06-2021,1064.84,Delivered
11707,Cust_628,Res_116,P_59,14-10-2025,846.31,Cancelled
11708,Cust_418,Res_035,P_89,10-08-2021,508.8,Cancelled
11709,Cust_511,Res_088,P_15,08-05-2023,867.88,Delivered
11710,Cust_445,Res_035,P_38,12-09-2023,170.67,Delivered
11711,Cust_778,Res_115,P_112,11-07-2022,922.42,Delivered
11712,Cust_706,Res_065,P_96,11-08-2021,661.37,Delivered
11713,Cust_497,Res_119,P_85,19-11-2025,1003.84,Delivered
11714,Cust_714,Res_068,P_14,04-03-2021,1152.37,Delivered
11715,Cust_342,Res_077,P_104,24-07-2021,1122.08,Delivered
11716,Cust_277,Res_018,P_108,18-11-2021,1104.73,Delivered
11717,Cust_357,Res_116,P_48,08-07-2025,687.78,Delivered
11718,Cust_130,Res_032,P_88,07-12-2024,528.15,Cancelled
11719,Cust_289,Res_015,P_50,17-12-2021,638.29,Delivered
11720,Cust_613,Res_087,P_20,09-02-2025,874.39,Delivered
11721,Cust_362,Res_016,P_145,26-05-2025,1078.2,Refunded
11722,Cust_544,Res_008,P_124,01-05-2023,367.34,Delivered
11723,Cust_194,Res_040,P_39,27-10-2024,1114.1,Delivered
11724,Cust_523,Res_035,P_01,22-08-2023,1005.94,Delivered
11725,Cust_075,Res_027,P_63,17-09-2022,1177.8,Delivered
11726,Cust_313,Res_032,P_134,26-01-2021,1074.26,Delivered
11727,Cust_308,Res_068,P_130,10-03-2023,659.23,Delivered
11728,Cust_527,Res_051,P_14,12-10-2024,261.25,Cancelled
11729,Cust_668,Res_010,P_150,16-10-2022,267.85,Delivered
11730,Cust_074,Res_119,P_136,21-07-2025,455.78,Delivered
11731,Cust_005,Res_092,P_126,06-12-2022,794.89,Delivered
11732,Cust_116,Res_025,P_57,23-08-2021,994.54,Delivered
11733,Cust_773,Res_026,P_141,20-11-2025,1094.21,Delivered
11734,Cust_133,Res_072,P_138,15-10-2022,804.94,Delivered
11735,Cust_049,Res_100,P_112,10-12-2021,155.91,Delivered
11736,Cust_151,Res_076,P_09,11-05-2021,345.63,Delivered
11737,Cust_317,Res_118,P_11,09-05-2025,254.71,Delivered
11738,Cust_108,Res_018,P_132,02-10-2021,531.49,Delivered
11739,Cust_569,Res_096,P_77,11-08-2021,676.42,Cancelled
11740,Cust_627,Res_044,P_05,10-02-2024,195.57,Delivered
11741,Cust_268,Res_037,P_102,10-06-2023,515.9,Delivered
11742,Cust_072,Res_015,P_141,21-08-2024,338.14,Delivered
11743,Cust_243,Res_047,P_106,11-02-2021,829.42,Delivered
11744,Cust_758,Res_104,P_50,15-02-2024,637.49,Delivered
11745,Cust_351,Res_025,P_149,12-10-2022,670.08,Delivered
11746,Cust_752,Res_021,P_98,22-02-2023,599.08,Delivered
11747,Cust_361,Res_032,P_66,21-08-2021,1153.82,Delivered
11748,Cust_187,Res_078,P_01,14-09-2023,375.47,Refunded
11749,Cust_071,Res_050,P_32,15-08-2024,659.23,Delivered
11750,Cust_773,Res_097,P_144,17-11-2023,922.82,Cancelled
11751,Cust_773,Res_029,P_135,18-06-2025,734.69,Delivered
11752,Cust_073,Res_039,P_149,26-01-2023,1125.47,Delivered
11753,Cust_470,Res_047,P_48,18-02-2023,546.87,Delivered
11754,Cust_342,Res_101,P_20,02-01-2024,636.86,Cancelled
11755,Cust_649,Res_064,P_118,20-12-2025,242.95,Cancelled
11756,Cust_711,Res_101,P_124,09-01-2023,789.45,Delivered
11757,Cust_569,Res_089,P_05,10-10-2025,452.62,Delivered
11758,Cust_716,Res_012,P_119,09-04-2023,318.32,Delivered
11759,Cust_172,Res_089,P_108,25-07-2022,721.76,Delivered
11760,Cust_296,Res_020,P_140,21-03-2024,708.93,Delivered
11761,Cust_727,Res_050,P_13,27-02-2023,229.67,Cancelled
11762,Cust_575,Res_064,P_130,18-08-2021,883.13,Delivered
11763,Cust_078,Res_057,P_98,07-11-2023,804.96,Delivered
11764,Cust_734,Res_115,P_26,21-06-2021,348.47,Delivered
11765,Cust_364,Res_017,P_93,03-03-2024,642.91,Delivered
11766,Cust_276,Res_095,P_42,03-04-2025,906.34,Delivered
11767,Cust_791,Res_052,P_136,18-11-2021,705.91,Delivered
11768,Cust_342,Res_031,P_119,22-01-2025,565.26,Cancelled
11769,Cust_626,Res_062,P_116,18-09-2024,488.46,Delivered
11770,Cust_561,Res_031,P_16,09-03-2024,790.91,Delivered
11771,Cust_004,Res_050,P_131,14-02-2025,1136.06,Delivered
11772,Cust_638,Res_052,P_64,05-12-2022,855.33,Delivered
11773,Cust_299,Res_010,P_144,21-06-2025,228.48,Delivered
11774,Cust_343,Res_005,P_28,12-09-2024,633.72,Delivered
11775,Cust_586,Res_048,P_112,25-09-2023,1085.37,Delivered
11776,Cust_160,Res_087,P_27,24-07-2024,249.19,Cancelled
11777,Cust_408,Res_062,P_52,26-07-2021,1188.32,Delivered
11778,Cust_039,Res_041,P_144,01-02-2025,1146.52,Delivered
11779,Cust_251,Res_072,P_76,02-06-2022,232.19,Refunded
11780,Cust_190,Res_049,P_12,01-04-2024,1130.08,Delivered
11781,Cust_652,Res_064,P_68,17-04-2022,531.29,Cancelled
11782,Cust_678,Res_023,P_87,24-01-2022,1036.94,Delivered
11783,Cust_527,Res_054,P_35,07-10-2024,589.3,Delivered
11784,Cust_327,Res_058,P_121,25-05-2025,612.9,Cancelled
11785,Cust_006,Res_009,P_63,19-08-2024,815.96,Cancelled
11786,Cust_018,Res_017,P_131,28-03-2021,963.2,Delivered
11787,Cust_670,Res_002,P_95,19-05-2021,185.48,Delivered
11788,Cust_587,Res_075,P_69,27-11-2021,772.81,Delivered
11789,Cust_459,Res_018,P_52,14-04-2022,346.07,Cancelled
11790,Cust_394,Res_026,P_91,03-08-2022,513.25,Delivered
11791,Cust_037,Res_029,P_28,20-10-2023,515.37,Cancelled
11792,Cust_243,Res_050,P_104,07-09-2024,642.51,Delivered
11793,Cust_225,Res_063,P_65,27-12-2022,500.84,Delivered
11794,Cust_366,Res_079,P_143,05-03-2023,262.73,Delivered
11795,Cust_606,Res_103,P_148,19-03-2023,302.91,Delivered
11796,Cust_736,Res_070,P_70,26-09-2022,185.11,Cancelled
11797,Cust_278,Res_111,P_35,28-10-2023,643.76,Delivered
11798,Cust_512,Res_047,P_129,23-08-2021,1152.17,Refunded
11799,Cust_676,Res_011,P_44,25-02-2025,271.46,Delivered
11800,Cust_097,Res_031,P_53,04-06-2021,1143.58,Delivered
11801,Cust_215,Res_078,P_45,01-02-2024,920.03,Cancelled
11802,Cust_375,Res_082,P_115,12-08-2022,819.37,Delivered
11803,Cust_007,Res_091,P_121,17-11-2023,827.54,Delivered
11804,Cust_725,Res_094,P_145,02-06-2023,1018.06,Delivered
11805,Cust_459,Res_073,P_139,13-12-2025,262.27,Cancelled
11806,Cust_481,Res_033,P_140,14-10-2022,679.99,Cancelled
11807,Cust_097,Res_002,P_105,17-01-2021,881.95,Delivered
11808,Cust_540,Res_108,P_03,27-09-2023,766.16,Cancelled
11809,Cust_594,Res_079,P_89,28-09-2025,1024.42,Delivered
11810,Cust_750,Res_115,P_120,22-05-2022,225.89,Delivered
11811,Cust_599,Res_008,P_50,24-11-2024,875.24,Cancelled
11812,Cust_727,Res_052,P_57,16-07-2023,710.73,Delivered
11813,Cust_580,Res_043,P_28,17-08-2024,548.12,Cancelled
11814,Cust_468,Res_080,P_78,16-02-2022,507.29,Delivered
11815,Cust_728,Res_033,P_120,08-10-2021,801.87,Delivered
11816,Cust_209,Res_093,P_74,18-10-2021,1085.55,Delivered
11817,Cust_334,Res_100,P_39,10-09-2021,670.98,Delivered
11818,Cust_479,Res_056,P_100,07-03-2024,1015.96,Delivered
11819,Cust_070,Res_080,P_30,09-10-2021,572.26,Delivered
11820,Cust_262,Res_025,P_56,08-12-2023,257.51,Delivered
11821,Cust_420,Res_001,P_94,25-06-2025,659.23,Delivered
11822,Cust_262,Res_087,P_76,05-05-2024,203.9,Delivered
11823,Cust_342,Res_013,P_123,15-06-2023,549.16,Delivered
11824,Cust_756,Res_077,P_144,26-01-2025,504.1,Delivered
11825,Cust_143,Res_088,P_18,13-02-2025,903.83,Delivered
11826,Cust_256,Res_094,P_36,07-11-2025,929.96,Cancelled
11827,Cust_478,Res_011,P_19,14-06-2024,203.4,Delivered
11828,Cust_636,Res_060,P_94,12-07-2023,382.18,Cancelled
11829,Cust_318,Res_080,P_32,24-03-2025,659.23,Delivered
11830,Cust_330,Res_017,P_49,22-09-2021,724.99,Delivered
11831,Cust_061,Res_050,P_72,05-07-2021,301.74,Cancelled
11832,Cust_158,Res_065,P_17,26-08-2021,290.64,Delivered
11833,Cust_115,Res_062,P_57,12-06-2022,1140.98,Delivered
11834,Cust_401,Res_119,P_53,03-08-2023,994.41,Delivered
11835,Cust_221,Res_044,P_122,16-12-2025,339.69,Delivered
11836,Cust_234,Res_006,P_91,16-08-2023,576.9,Delivered
11837,Cust_727,Res_103,P_32,23-06-2022,523.4,Delivered
11838,Cust_694,Res_004,P_92,26-01-2025,980.55,Delivered
11839,Cust_095,Res_026,P_58,02-07-2023,685.72,Delivered
11840,Cust_736,Res_046,P_124,05-12-2025,284.24,Cancelled
11841,Cust_210,Res_099,P_12,19-10-2025,925.94,Delivered
11842,Cust_658,Res_045,P_125,08-01-2023,566.73,Delivered
11843,Cust_786,Res_099,P_103,20-08-2021,426.07,Cancelled
11844,Cust_246,Res_110,P_55,24-01-2023,544.27,Delivered
11845,Cust_730,Res_092,P_07,15-04-2021,672.64,Delivered
11846,Cust_178,Res_092,P_101,15-03-2022,510.27,Delivered
11847,Cust_689,Res_105,P_32,13-06-2025,404,Delivered
11848,Cust_081,Res_074,P_47,24-10-2024,568.43,Delivered
11849,Cust_333,Res_027,P_145,25-09-2024,170.13,Delivered
11850,Cust_070,Res_086,P_145,26-12-2024,961.12,Cancelled
11851,Cust_787,Res_055,P_71,15-01-2023,329.49,Cancelled
11852,Cust_170,Res_078,P_133,02-05-2022,196.1,Cancelled
11853,Cust_573,Res_111,P_66,05-10-2023,836.38,Delivered
11854,Cust_102,Res_004,P_47,12-11-2025,962.63,Delivered
11855,Cust_745,Res_017,P_118,11-03-2023,1004.52,Delivered
11856,Cust_625,Res_042,P_146,24-12-2021,668.18,Delivered
11857,Cust_679,Res_079,P_83,20-11-2022,365.64,Delivered
11858,Cust_256,Res_027,P_107,28-05-2022,924.09,Delivered
11859,Cust_473,Res_003,P_95,04-01-2022,884.7,Cancelled
11860,Cust_707,Res_085,P_139,24-11-2024,408.58,Delivered
11861,Cust_801,Res_112,P_60,26-05-2022,1098.58,Delivered
11862,Cust_621,Res_073,P_41,06-07-2025,259.59,Refunded
11863,Cust_159,Res_034,P_33,13-04-2025,1181.82,Delivered
11864,Cust_261,Res_025,P_103,21-11-2023,1053.26,Delivered
11865,Cust_655,Res_081,P_62,03-03-2025,872.29,Delivered
11866,Cust_208,Res_031,P_38,24-07-2023,1135.69,Delivered
11867,Cust_090,Res_063,P_93,09-03-2023,908.43,Cancelled
11868,Cust_192,Res_070,P_76,16-05-2022,349.98,Delivered
11869,Cust_047,Res_068,P_80,06-06-2024,614.26,Delivered
11870,Cust_021,Res_012,P_139,27-03-2021,225.08,Delivered
11871,Cust_695,Res_019,P_33,02-09-2025,559.14,Delivered
11872,Cust_009,Res_082,P_133,13-07-2022,928.68,Delivered
11873,Cust_447,Res_064,P_112,15-03-2022,555.77,Delivered
11874,Cust_728,Res_091,P_05,08-09-2021,659.23,Delivered
11875,Cust_610,Res_112,P_106,04-03-2022,775.12,Delivered
11876,Cust_428,Res_055,P_92,10-01-2024,1065.81,Delivered
11877,Cust_258,Res_006,P_132,03-11-2025,199.96,Delivered
11878,Cust_630,Res_053,P_132,13-06-2023,554.74,Delivered
11879,Cust_659,Res_076,P_122,14-01-2025,316.15,Cancelled
11880,Cust_771,Res_103,P_114,06-08-2022,880.12,Cancelled
11881,Cust_126,Res_085,P_44,14-01-2021,261.01,Delivered
11882,Cust_657,Res_062,P_05,04-04-2025,848.05,Cancelled
11883,Cust_395,Res_005,P_120,21-07-2025,450.49,Delivered
11884,Cust_314,Res_058,P_61,06-04-2021,358.86,Delivered
11885,Cust_111,Res_049,P_12,21-01-2021,1133.17,Delivered
11886,Cust_485,Res_082,P_32,17-07-2022,169.45,Delivered
11887,Cust_069,Res_052,P_114,09-10-2025,609.67,Delivered
11888,Cust_695,Res_080,P_51,24-03-2021,172.71,Delivered
11889,Cust_454,Res_086,P_75,21-04-2021,657.77,Refunded
11890,Cust_145,Res_085,P_103,21-04-2023,676.1,Cancelled
11891,Cust_555,Res_006,P_104,13-09-2024,487.75,Delivered
11892,Cust_163,Res_028,P_135,22-06-2022,288.77,Delivered
11893,Cust_121,Res_114,P_56,27-06-2023,545.21,Delivered
11894,Cust_423,Res_054,P_103,03-01-2021,855.88,Delivered
11895,Cust_001,Res_109,P_62,15-10-2022,971.52,Delivered
11896,Cust_578,Res_057,P_09,01-06-2021,707.29,Delivered
11897,Cust_717,Res_047,P_05,07-12-2025,769.33,Delivered
11898,Cust_716,Res_074,P_89,06-05-2025,659.23,Cancelled
11899,Cust_348,Res_116,P_15,25-09-2025,451.7,Delivered
11900,Cust_157,Res_064,P_40,15-04-2021,319.99,Delivered
11901,Cust_529,Res_057,P_51,18-02-2023,411.76,Delivered
11902,Cust_175,Res_100,P_66,20-07-2021,386.13,Delivered
11903,Cust_180,Res_098,P_96,07-08-2021,695.42,Cancelled
11904,Cust_471,Res_020,P_101,24-09-2022,740.82,Delivered
11905,Cust_115,Res_011,P_133,23-08-2024,1142.19,Refunded
11906,Cust_540,Res_083,P_47,01-01-2023,355.35,Refunded
11907,Cust_712,Res_063,P_124,04-01-2024,823.76,Delivered
11908,Cust_228,Res_076,P_31,07-04-2021,1008.12,Delivered
11909,Cust_800,Res_024,P_26,20-08-2025,738.25,Cancelled
11910,Cust_232,Res_088,P_74,15-09-2021,417.75,Refunded
11911,Cust_411,Res_059,P_14,23-12-2022,425.68,Delivered
11912,Cust_232,Res_076,P_122,27-09-2024,191.22,Delivered
11913,Cust_462,Res_010,P_94,03-04-2022,470.72,Delivered
11914,Cust_109,Res_074,P_112,13-03-2022,931.83,Delivered
11915,Cust_577,Res_009,P_72,01-03-2021,199.89,Delivered
11916,Cust_712,Res_058,P_72,18-12-2022,380.26,Cancelled
11917,Cust_002,Res_051,P_01,19-09-2023,891.54,Delivered
11918,Cust_638,Res_031,P_36,21-11-2025,971.78,Delivered
11919,Cust_654,Res_002,P_121,02-12-2025,628.08,Delivered
11920,Cust_116,Res_069,P_123,13-08-2021,882.98,Delivered
11921,Cust_096,Res_076,P_72,25-07-2024,557.35,Delivered
11922,Cust_098,Res_073,P_122,23-12-2023,317.91,Cancelled
11923,Cust_002,Res_003,P_96,25-09-2024,568.06,Delivered
11924,Cust_743,Res_119,P_61,22-12-2025,758.97,Delivered
11925,Cust_172,Res_070,P_108,02-08-2025,1145.46,Delivered
11926,Cust_541,Res_055,P_124,27-05-2022,222.19,Delivered
11927,Cust_109,Res_040,P_24,04-03-2024,682.76,Delivered
11928,Cust_355,Res_002,P_115,05-02-2021,495.37,Delivered
11929,Cust_528,Res_022,P_66,13-02-2021,683.73,Delivered
11930,Cust_121,Res_097,P_114,07-06-2025,175.17,Delivered
11931,Cust_480,Res_068,P_85,05-04-2023,478.68,Delivered
11932,Cust_136,Res_018,P_67,17-08-2022,1010.86,Delivered
11933,Cust_195,Res_010,P_16,18-12-2025,731.64,Cancelled
11934,Cust_361,Res_098,P_126,09-07-2021,623.11,Delivered
11935,Cust_617,Res_021,P_18,04-01-2025,449.8,Delivered
11936,Cust_099,Res_045,P_33,16-08-2024,462.94,Delivered
11937,Cust_251,Res_018,P_148,26-06-2021,552.26,Delivered
11938,Cust_403,Res_052,P_117,28-09-2024,1027.35,Delivered
11939,Cust_201,Res_090,P_89,05-10-2022,1165.57,Delivered
11940,Cust_372,Res_078,P_108,17-12-2021,610.59,Delivered
11941,Cust_021,Res_097,P_119,15-03-2021,563.02,Delivered
11942,Cust_544,Res_031,P_29,07-12-2023,1038.88,Cancelled
11943,Cust_241,Res_060,P_66,04-07-2024,598.25,Delivered
11944,Cust_218,Res_068,P_89,15-08-2023,729.62,Delivered
11945,Cust_803,Res_120,P_14,20-07-2021,392.49,Delivered
11946,Cust_247,Res_054,P_145,26-02-2021,930.68,Cancelled
11947,Cust_278,Res_030,P_73,09-05-2021,708.59,Cancelled
11948,Cust_360,Res_034,P_141,16-12-2022,999.49,Delivered
11949,Cust_253,Res_044,P_90,25-05-2024,969.77,Delivered
11950,Cust_553,Res_008,P_57,20-05-2024,375.76,Delivered
11951,Cust_799,Res_105,P_44,23-03-2021,901.42,Delivered
11952,Cust_476,Res_093,P_61,16-03-2023,990.06,Delivered
11953,Cust_292,Res_033,P_34,13-03-2024,513.41,Delivered
11954,Cust_221,Res_030,P_16,04-09-2022,331.24,Delivered
11955,Cust_278,Res_066,P_139,13-12-2022,152.76,Cancelled
11956,Cust_071,Res_084,P_142,18-01-2023,623.45,Refunded
11957,Cust_188,Res_059,P_112,25-06-2022,520.05,Delivered
11958,Cust_045,Res_052,P_61,03-08-2024,732.66,Delivered
11959,Cust_551,Res_094,P_140,09-04-2025,347.44,Cancelled
11960,Cust_582,Res_055,P_137,05-01-2023,1052.65,Delivered
11961,Cust_137,Res_036,P_117,24-09-2023,420.64,Delivered
11962,Cust_794,Res_048,P_75,13-11-2025,387.75,Delivered
11963,Cust_218,Res_040,P_109,21-04-2021,654.75,Delivered
11964,Cust_690,Res_001,P_48,23-04-2023,673.79,Delivered
11965,Cust_600,Res_104,P_149,24-07-2025,375.84,Delivered
11966,Cust_342,Res_041,P_35,22-04-2023,435.45,Delivered
11967,Cust_784,Res_042,P_41,04-03-2023,328.19,Delivered
11968,Cust_165,Res_093,P_104,20-03-2022,904.38,Delivered
11969,Cust_728,Res_083,P_43,27-12-2022,958.59,Delivered
11970,Cust_236,Res_061,P_107,12-10-2024,635.44,Cancelled
11971,Cust_658,Res_069,P_49,28-10-2021,899.79,Delivered
11972,Cust_155,Res_008,P_63,07-06-2025,922.73,Delivered
11973,Cust_576,Res_019,P_97,27-01-2021,295.19,Delivered
11974,Cust_720,Res_037,P_68,22-02-2023,1164.49,Delivered
11975,Cust_592,Res_005,P_80,27-10-2023,1012.08,Delivered
11976,Cust_588,Res_069,P_04,09-08-2021,364.71,Delivered
11977,Cust_054,Res_088,P_68,01-07-2023,345.47,Delivered
11978,Cust_714,Res_072,P_109,04-08-2024,281.94,Delivered
11979,Cust_303,Res_027,P_49,04-02-2023,295.3,Delivered
11980,Cust_359,Res_105,P_148,08-06-2024,935.57,Delivered
11981,Cust_430,Res_074,P_118,15-02-2021,643.14,Delivered
11982,Cust_159,Res_008,P_81,25-04-2022,972.08,Delivered
11983,Cust_417,Res_058,P_24,24-07-2025,933.57,Delivered
11984,Cust_529,Res_051,P_104,26-10-2024,784.84,Delivered
11985,Cust_622,Res_041,P_74,05-06-2022,870.68,Delivered
11986,Cust_512,Res_112,P_47,25-10-2024,169.27,Delivered
11987,Cust_330,Res_111,P_67,08-12-2023,477.37,Delivered
11988,Cust_349,Res_010,P_68,16-12-2024,819.71,Delivered
11989,Cust_517,Res_020,P_96,18-07-2024,159.81,Delivered
11990,Cust_672,Res_079,P_134,24-04-2024,184.63,Delivered
11991,Cust_804,Res_035,P_11,26-02-2022,1044.48,Delivered
11992,Cust_515,Res_011,P_117,08-05-2025,868.23,Refunded
11993,Cust_661,Res_101,P_132,17-05-2024,428.64,Cancelled
11994,Cust_119,Res_110,P_104,14-03-2022,872.36,Delivered
11995,Cust_005,Res_030,P_121,04-09-2021,982.08,Delivered
11996,Cust_019,Res_019,P_30,24-01-2021,472.13,Delivered
11997,Cust_743,Res_020,P_47,05-09-2025,187.84,Delivered
11998,Cust_586,Res_004,P_131,28-02-2025,1129.42,Delivered
11999,Cust_782,Res_058,P_43,23-05-2025,512.44,Delivered
12000,Cust_433,Res_029,P_103,25-11-2022,261.81,Cancelled
